instal;maquina;comb;dtini_oper;din_des;din_iniapur
IVX91;IVX9156;HD;30/04/1984;;01/01/1996
IVX136;IVX13657;GS;31/12/1990;16/10/2020;01/05/2015
IVX136;IVX13658;GS;31/12/1990;16/10/2020;01/05/2015
IVX137;IVX13759;GS;31/12/1990;16/10/2020;01/05/2015
IVX137;IVX13760;GS;31/12/1990;16/10/2020;01/05/2015
IVX136;IVX13661;GS;01/09/2013;16/10/2020;
IVX136;IVX13662;GS;01/09/2013;16/10/2020;
IVX149;IVX14963;OL;20/04/2010;;20/04/2010
IVX149;IVX14964;OL;20/04/2010;;20/04/2010
IVX149;IVX14965;OL;30/03/2010;;30/03/2010
IVX149;IVX14966;OL;30/03/2010;;30/03/2010
IVX148;IVX14867;OL;30/09/2009;;30/09/2009
IVX148;IVX14868;OL;30/09/2009;;30/09/2009
IVX148;IVX14869;OL;30/09/2009;;30/09/2009
IVX136;IVX13670;GS;31/12/1990;16/10/2020;01/05/2015
IVX148;IVX14871;OL;30/09/2009;;30/09/2009
IVX148;IVX14872;OL;30/09/2009;;30/09/2009
IVX148;IVX14873;OL;30/09/2009;;30/09/2009
IVX148;IVX14874;OL;30/09/2009;;30/09/2009
IVX242;IVX24275;OD;18/06/2009;31/12/2023;18/06/2009
IVX242;IVX24276;OD;18/06/2009;31/12/2023;18/06/2009
IVX242;IVX24277;OD;18/06/2009;31/12/2023;18/06/2009
IVX242;IVX24278;OD;18/06/2009;31/12/2023;18/06/2009
IVX242;IVX24279;OD;18/06/2009;31/12/2023;18/06/2009
IVX242;IVX24280;OD;18/06/2009;31/12/2023;18/06/2009
IVX242;IVX24281;OD;18/06/2009;31/12/2023;18/06/2009
IVX242;IVX24282;OD;18/06/2009;31/12/2023;18/06/2009
IVX242;IVX24283;OD;18/06/2009;31/12/2023;18/06/2009
IVX242;IVX24284;OD;18/06/2009;31/12/2023;18/06/2009
IVX148;IVX14885;OL;30/09/2009;;30/09/2009
IVX242;IVX24286;OD;18/06/2009;31/12/2023;18/06/2009
IVX136;IVX13687;GS;31/12/1990;16/10/2020;01/05/2015
IVX136;IVX13688;GS;31/12/1990;16/10/2020;01/05/2015
IVX135;IVX13589;GS;31/12/1990;;
IVX135;IVX13590;GS;31/12/1990;;
IVX135;IVX13591;GS;31/12/1990;;
IVX133;IVX13392;GS;15/12/2006;;
IVX133;IVX13393;GS;15/12/2006;;
IVX133;IVX13394;GS;15/12/2006;;
IVX133;IVX13395;GS;15/12/2006;;
IVX132;IVX13296;GS;16/11/2006;;
IVX132;IVX13297;GS;16/11/2006;;
IVX132;IVX13298;GS;16/11/2006;;
IVX132;IVX13299;GS;16/11/2006;;
IVX130;IVX130100;GS;31/12/1990;;01/05/2015
IVX130;IVX130101;GS;31/12/1990;;01/05/2015
IVX136;IVX136102;GS;31/12/1990;16/10/2020;01/05/2015
IVX130;IVX130103;GS;31/12/1990;;01/05/2015
IVX76;IVX76104;HD;30/04/1994;;03/01/1996
IVX76;IVX76105;HD;31/01/1995;;02/01/1996
IVX76;IVX76106;HD;26/10/1995;;01/01/1996
IVX76;IVX76107;HD;31/07/1996;;31/07/1996
IVX76;IVX76108;HD;20/12/1996;;20/12/1996
IVX76;IVX76109;HD;22/08/1997;;22/08/1997
IVX317;IVX317110;HD;27/11/2009;;27/11/2009
IVX317;IVX317111;HD;06/08/2009;;06/08/2009
IVX138;IVX138112;DO;07/06/2017;01/01/2018;
IVX136;IVX136113;GS;31/12/1990;16/10/2020;01/05/2015
IVX136;IVX136114;GS;31/12/1990;16/10/2020;01/05/2015
IVX136;IVX136115;GS;31/12/1990;16/10/2020;01/05/2015
IVX136;IVX136116;GS;31/12/1990;16/10/2020;01/05/2015
IVX130;IVX130117;GS;31/12/1990;;01/05/2015
IVX135;IVX135118;GS;31/12/1990;;
IVX242;IVX242119;OD;18/06/2009;31/12/2023;18/06/2009
IVX172;IVX172120;GD;01/01/2003;;01/01/2003
IVX184;IVX184121;OD;17/01/2009;31/12/2023;17/01/2009
IVX47;IVX47122;DO;01/01/2008;;01/01/2008
IVX47;IVX47123;DO;01/01/2008;;01/01/2008
IVX41;IVX41124;HD;09/05/1999;;09/05/1999
IVX300;IVX300125;HD;19/12/1970;;01/01/1996
IVX300;IVX300126;HD;30/11/1970;;01/01/1996
IVX177;IVX177127;HD;30/12/2001;;01/01/2001
IVX177;IVX177128;HD;17/01/2000;;17/01/2000
IVX114;IVX114129;OD;07/07/1977;05/06/2018;01/07/2001
IVX114;IVX114130;OD;07/07/1977;05/06/2018;01/07/2001
IVX184;IVX184134;OD;17/01/2009;31/12/2023;17/01/2009
IVX300;IVX300137;HD;06/02/1970;;01/01/1996
IVX300;IVX300138;HD;06/02/1970;;01/01/1996
IVX298;IVX298139;HD;01/04/1952;;01/01/1996
IVX254;IVX254140;HD;25/02/1982;;01/01/1996
IVX254;IVX254141;HD;30/07/1981;;01/01/1996
IVX254;IVX254142;HD;31/12/1980;;01/01/1996
IVX93;IVX93143;HD;31/01/1967;;01/01/1996
IVX93;IVX93144;HD;30/04/1964;;01/01/1996
IVX93;IVX93145;HD;31/01/1962;;01/01/1996
IVX93;IVX93146;HD;30/04/1961;;01/01/1996
IVX153;IVX153147;HD;31/01/1995;;01/01/1996
IVX153;IVX153148;HD;30/04/1979;;01/01/1996
IVX172;IVX172150;GD;01/01/2003;;01/01/2003
IVX186;IVX186151;HD;24/10/2009;;24/10/2009
IVX93;IVX93152;HD;28/02/1967;;01/01/1996
IVX172;IVX172153;GD;07/07/2002;;07/07/2002
IVX150;IVX150154;HD;31/01/2005;;31/01/2005
IVX150;IVX150155;HD;16/12/2004;;16/12/2004
IVX156;IVX156156;CC;09/12/2004;16/03/2021;09/12/2004
IVX156;IVX156157;GS;30/12/2004;16/03/2021;30/12/2004
IVX156;IVX156158;GS;13/10/2003;16/03/2021;13/10/2003
IVX172;IVX172159;GD;07/07/2002;;07/07/2002
IVX340;IVX340160;HD;01/06/2016;;01/06/2016
IVX340;IVX340161;HD;28/01/2016;;28/01/2016
IVX340;IVX340162;HD;29/10/2015;;29/10/2015
IVX340;IVX340163;HD;27/11/2015;;27/11/2015
IVX341;IVX341164;HD;04/09/2015;;04/09/2015
IVX341;IVX341165;HD;01/10/2015;;01/10/2015
IVX186;IVX186166;HD;30/01/2010;;30/01/2010
IVX135;IVX135167;GS;01/05/2015;01/05/2015;
IVX134;IVX134168;GS;01/05/2015;01/05/2015;
IVX133;IVX133169;GS;01/05/2015;;
IVX341;IVX341170;HD;31/07/2015;;31/07/2015
IVX295;IVX295171;OD;08/08/2002;01/01/2006;
IVX201;IVX201172;HD;01/02/1961;;01/01/1996
IVX201;IVX201173;HD;01/03/1960;;01/01/1996
IVX103;IVX103174;OD;17/07/2012;;17/07/2012
IVX198;IVX198175;GS;18/02/2014;;18/02/2014
IVX185;IVX185176;OD;01/01/2008;;01/01/2008
IVX185;IVX185177;OD;01/01/2008;;01/01/2008
IVX103;IVX103178;OD;17/07/2012;;17/07/2012
IVX116;IVX116179;HD;30/04/1969;;01/01/1996
IVX93;IVX93180;HD;30/04/1967;;01/01/1996
IVX139;IVX139181;GS;01/05/2015;01/05/2015;
IVX298;IVX298182;HD;01/04/1952;;01/01/1996
IVX318;IVX318183;HD;28/02/1972;;01/01/1996
IVX318;IVX318184;HD;31/03/1974;;01/01/1996
IVX212;IVX212185;HD;01/02/1962;;01/01/1996
IVX99;IVX99186;HD;01/04/1979;;01/01/1996
IVX99;IVX99187;HD;01/02/1979;;01/01/1996
IVX99;IVX99188;HD;01/02/1979;;01/01/1996
IVX99;IVX99189;HD;01/04/1978;;01/01/1996
IVX99;IVX99190;HD;01/04/1978;;14/03/1996
IVX99;IVX99191;HD;01/02/1978;;01/01/1996
IVX209;IVX209192;HD;09/04/2004;;09/04/2004
IVX209;IVX209193;HD;08/07/2004;;08/07/2004
IVX209;IVX209194;HD;16/06/2004;;16/06/2004
IVX208;IVX208195;HD;05/11/2001;;05/11/2001
IVX208;IVX208196;HD;04/09/2001;;04/09/2001
IVX207;IVX207197;HD;07/07/2006;;07/07/2006
IVX212;IVX212198;HD;01/02/1962;;01/01/1996
IVX207;IVX207199;HD;01/07/2006;;01/07/2006
IVX60;IVX60200;HD;16/02/1995;;01/01/1996
IVX60;IVX60201;HD;07/12/1994;;01/01/1996
IVX206;IVX206202;HD;02/10/1998;;02/10/1998
IVX206;IVX206203;HD;26/07/1998;;26/07/1998
IVX206;IVX206204;HD;29/05/1998;;29/05/1998
IVX101;IVX101205;HD;01/04/1971;;01/01/1996
IVX101;IVX101206;HD;01/03/1971;;01/01/1996
IVX101;IVX101207;HD;01/02/1971;;01/01/1996
IVX101;IVX101208;HD;01/01/1971;;01/01/1996
IVX205;IVX205209;HD;05/08/2006;;05/08/2006
IVX205;IVX205210;HD;03/10/2006;;03/10/2006
IVX205;IVX205211;HD;20/07/2006;;20/07/2006
IVX112;IVX112212;OL;01/03/1978;17/02/2021;01/01/1996
IVX60;IVX60213;HD;16/02/1995;;01/01/1996
IVX111;IVX111214;HD;01/09/1999;;01/09/1999
IVX212;IVX212215;HD;01/03/1963;;01/01/1996
IVX212;IVX212216;HD;01/03/1968;;01/01/1996
IVX228;IVX228217;HD;30/03/2001;;30/03/2001
IVX228;IVX228218;HD;07/02/2001;;07/02/2001
IVX228;IVX228219;HD;02/02/2001;;29/11/2000
IVX44;IVX44220;CC;01/05/2002;;01/05/2002
IVX44;IVX44221;GS;01/05/2002;;01/05/2002
IVX44;IVX44222;GS;01/05/2002;;06/04/1999
IVX225;IVX225223;HD;16/08/2003;;16/08/2003
IVX225;IVX225224;HD;11/06/2003;;11/06/2003
IVX225;IVX225225;HD;06/06/2003;;06/06/2003
IVX54;IVX54226;HD;22/12/2002;;22/12/2002
IVX54;IVX54227;HD;27/01/2003;;27/01/2003
IVX53;IVX53228;HD;24/10/2002;;24/10/2002
IVX53;IVX53229;HD;06/11/2002;;06/11/2002
IVX212;IVX212230;HD;01/04/1965;;01/01/1996
IVX223;IVX223231;HD;26/06/2003;;26/06/2003
IVX223;IVX223232;HD;08/04/2003;;08/04/2003
IVX221;IVX221233;HD;19/07/2005;;19/07/2005
IVX221;IVX221234;HD;12/08/2005;;12/08/2005
IVX221;IVX221235;HD;09/09/2005;;09/09/2005
IVX214;IVX214236;HD;03/03/2010;;03/03/2010
IVX40;IVX40237;HD;18/11/2004;;15/12/2004
IVX40;IVX40238;HD;06/10/2004;;20/10/2004
IVX40;IVX40239;HD;24/08/2004;;07/09/2004
IVX213;IVX213240;HD;19/05/2010;;19/05/2010
IVX213;IVX213241;HD;02/03/2010;;02/03/2010
IVX213;IVX213242;HD;28/11/2009;;28/11/2009
IVX213;IVX213243;HD;09/09/2009;;09/09/2009
IVX212;IVX212244;HD;01/01/1969;;01/01/1996
IVX223;IVX223245;HD;15/05/2003;;12/05/2003
IVX318;IVX318246;HD;28/02/1974;;01/01/1996
IVX111;IVX111247;HD;01/07/1999;;01/07/1999
IVX111;IVX111248;HD;05/04/1999;;05/04/1999
IVX176;IVX176249;HD;03/10/2006;;03/10/2006
IVX176;IVX176250;HD;07/06/1974;;20/04/2011
IVX176;IVX176251;HD;11/12/1973;;14/02/2013
IVX176;IVX176252;HD;21/09/1973;;21/05/2012
IVX173;IVX173253;CV;18/10/2013;;18/10/2013
IVX65;IVX65254;CV;10/05/2013;;10/05/2013
IVX65;IVX65255;CV;01/12/2012;;01/12/2012
IVX95;IVX95256;CC;27/12/2003;28/12/2023;27/12/2003
IVX95;IVX95257;GS;27/12/2003;28/12/2023;27/12/2003
IVX95;IVX95258;GS;27/12/2003;28/12/2023;27/12/2003
IVX341;IVX341259;HD;29/07/2014;;29/07/2014
IVX347;IVX347260;OL;30/12/2010;;30/12/2010
IVX347;IVX347261;OL;30/12/2010;;30/12/2010
IVX347;IVX347263;OL;30/12/2010;;30/12/2010
IVX347;IVX347264;OL;30/12/2010;;30/12/2010
IVX347;IVX347265;OL;30/12/2010;;30/12/2010
IVX347;IVX347266;OL;30/12/2010;;30/12/2010
IVX347;IVX347267;OL;30/12/2010;;30/12/2010
IVX36;IVX36268;OL;21/08/2002;31/01/2024;01/09/2013
IVX36;IVX36269;OL;21/08/2002;31/01/2024;01/09/2013
IVX92;IVX92270;GD;01/11/2003;05/10/2018;01/11/2003
IVX92;IVX92271;GD;27/07/2004;05/10/2018;27/07/2004
IVX92;IVX92272;GD;30/11/2004;05/10/2018;30/11/2004
IVX83;IVX83273;GS;09/02/2004;;09/02/2004
IVX154;IVX154274;HD;31/03/1955;;01/01/1996
IVX154;IVX154275;HD;31/01/1955;;01/01/1996
IVX154;IVX154276;HD;31/01/1955;;01/01/1996
IVX347;IVX347277;OL;30/12/2010;;30/12/2010
IVX111;IVX111278;HD;01/05/1999;;01/05/1999
IVX179;IVX179280;HD;31/12/1990;;15/09/2022
IVX111;IVX111281;HD;01/01/1999;;01/01/1999
IVX107;IVX107282;HD;15/12/1997;;15/12/1997
IVX107;IVX107283;HD;05/12/1997;;05/12/1997
IVX107;IVX107284;HD;25/11/1997;;25/11/1997
IVX107;IVX107285;HD;02/11/1997;;02/11/1997
IVX50;IVX50286;HD;04/07/2003;;04/07/2003
IVX50;IVX50287;HD;04/06/2003;;04/06/2003
IVX50;IVX50288;HD;23/01/2003;;23/01/2003
IVX321;IVX321289;HD;01/04/1983;;01/01/1996
IVX321;IVX321290;HD;01/01/1983;;01/01/1996
IVX321;IVX321291;HD;01/04/1982;;01/01/1996
IVX321;IVX321292;HD;01/04/1982;;01/01/1996
IVX203;IVX203293;HD;22/06/2007;;04/07/2007
IVX179;IVX179294;HD;31/12/1990;;15/09/2022
IVX203;IVX203295;HD;06/04/2007;;06/04/2007
IVX80;IVX80296;HD;08/04/2006;;08/04/2006
IVX182;IVX182297;HD;28/08/2010;;28/08/2010
IVX182;IVX182298;HD;24/07/2010;;24/07/2010
IVX70;IVX70299;HD;10/08/2010;;10/08/2010
IVX70;IVX70300;HD;06/07/2010;;06/07/2010
IVX181;IVX181301;GS;23/12/2010;;23/12/2010
IVX181;IVX181302;GS;23/12/2010;;23/12/2010
IVX181;IVX181303;GS;23/12/2010;;23/12/2010
IVX181;IVX181304;GS;23/12/2010;;23/12/2010
IVX180;IVX180305;OL;06/01/2010;;06/01/2010
IVX180;IVX180306;OL;06/01/2010;;06/01/2010
IVX180;IVX180307;OL;06/01/2010;;06/01/2010
IVX180;IVX180308;OL;06/01/2010;;06/01/2010
IVX203;IVX203309;HD;09/03/2007;;09/03/2007
IVX228;IVX228310;HD;25/05/2001;;25/05/2001
IVX37;IVX37311;HD;01/01/1967;;01/01/1996
IVX153;IVX153312;HD;30/04/1980;;01/01/1996
IVX323;IVX323313;CC;16/09/2021;;16/09/2021
IVX323;IVX323314;GS;16/09/2021;;16/09/2021
IVX323;IVX323315;GS;16/09/2021;;16/09/2021
IVX323;IVX323316;GS;16/09/2021;;16/09/2021
IVX295;IVX295317;OD;08/08/2002;01/01/2006;
IVX295;IVX295318;OD;08/08/2002;01/01/2006;
IVX295;IVX295319;OD;08/08/2002;01/01/2006;
IVX295;IVX295320;OD;08/08/2002;01/01/2006;
IVX295;IVX295321;OD;08/08/2002;01/01/2006;
IVX236;IVX236322;OD;15/03/2002;01/01/2006;
IVX200;IVX200323;HD;25/12/2009;;15/09/2022
IVX200;IVX200324;HD;25/12/2009;;15/09/2022
IVX200;IVX200325;HD;07/01/2010;;15/09/2022
IVX326;IVX326326;MS;01/01/2009;31/12/2023;26/06/2013
IVX289;IVX289327;HD;15/10/2013;;
IVX342;IVX342328;HD;01/01/1985;;01/01/1996
IVX342;IVX342329;HD;01/01/1985;;01/01/1996
IVX341;IVX341330;HD;21/05/2015;;21/05/2015
IVX313;IVX313334;HD;22/01/1997;;07/06/1996
IVX313;IVX313335;HD;07/06/1996;;01/07/1996
IVX313;IVX313336;HD;15/10/1994;;01/01/1996
IVX313;IVX313340;HD;06/05/1994;;01/01/1996
IVX342;IVX342341;HD;01/01/1985;;01/01/1996
IVX313;IVX313342;HD;11/12/1992;;01/01/1996
IVX324;IVX324343;MS;23/04/2021;;23/04/2021
IVX341;IVX341344;HD;10/07/2014;;10/07/2014
IVX295;IVX295345;OD;08/08/2002;01/01/2006;
IVX295;IVX295346;OD;08/08/2002;01/01/2006;
IVX295;IVX295347;OD;08/08/2002;01/01/2006;
IVX295;IVX295348;OD;08/08/2002;01/01/2006;
IVX294;IVX294349;HD;23/12/2003;;23/12/2003
IVX294;IVX294350;HD;27/12/2003;;27/12/2003
IVX294;IVX294351;HD;31/12/2003;;31/12/2003
IVX139;IVX139352;GS;31/12/1990;;
IVX139;IVX139353;GS;31/12/1990;;
IVX341;IVX341354;HD;17/06/2015;;17/06/2015
IVX151;IVX151355;OL;07/05/2010;;07/05/2010
IVX151;IVX151356;OL;07/05/2010;;07/05/2010
IVX151;IVX151357;OL;07/05/2010;;07/05/2010
IVX341;IVX341358;HD;24/04/2014;;24/04/2014
IVX151;IVX151359;OL;07/05/2010;;07/05/2010
IVX196;IVX196360;GS;01/02/2013;;01/02/2013
IVX196;IVX196361;GS;20/02/2013;;20/02/2013
IVX270;IVX270362;OD;31/12/1990;;23/10/2009
IVX269;IVX269363;HD;31/12/1990;;23/10/2009
IVX269;IVX269364;HD;31/12/1990;;23/10/2009
IVX292;IVX292365;HD;19/01/2010;;19/01/2010
IVX292;IVX292366;HD;11/12/2009;;11/12/2009
IVX90;IVX90367;HD;16/07/2002;;16/07/2002
IVX301;IVX301368;HD;01/01/1975;;01/01/1996
IVX69;IVX69369;HD;01/04/2007;;01/04/2007
IVX248;IVX248370;HD;25/10/1970;;01/01/1996
IVX248;IVX248371;HD;08/12/1970;;01/01/1996
IVX341;IVX341372;HD;23/10/2014;;23/10/2014
IVX197;IVX197373;GS;12/04/2013;;12/04/2013
IVX295;IVX295374;OD;08/08/2002;01/01/2006;
IVX312;IVX312375;HD;10/04/1960;;01/01/1996
IVX312;IVX312376;HD;09/02/1959;;01/01/1996
IVX301;IVX301377;HD;01/04/1975;;01/01/1996
IVX301;IVX301378;HD;01/04/1974;;01/01/1996
IVX301;IVX301379;HD;01/04/1974;;01/01/1996
IVX301;IVX301380;HD;01/04/1973;;01/01/1996
IVX301;IVX301381;HD;01/04/1973;;01/01/1996
IVX47;IVX47382;DO;16/07/2002;01/01/2006;
IVX47;IVX47383;DO;16/07/2002;01/01/2006;
IVX47;IVX47384;DO;16/07/2002;01/01/2006;
IVX342;IVX342385;HD;01/01/1985;;01/01/1996
IVX216;IVX216386;GS;02/02/2002;;02/02/2002
IVX216;IVX216387;GS;03/08/2002;;03/08/2002
IVX258;IVX258388;GS;09/01/2015;;08/01/2015
IVX258;IVX258389;GS;01/03/2014;;01/03/2014
IVX301;IVX301390;HD;01/01/1975;;01/01/1996
IVX258;IVX258391;GS;01/03/2014;;01/03/2014
IVX47;IVX47392;DO;16/07/2002;01/01/2006;
IVX47;IVX47393;DO;16/07/2002;01/01/2006;
IVX47;IVX47396;DO;16/07/2002;01/01/2006;
IVX47;IVX47397;DO;16/07/2002;01/01/2006;
IVX47;IVX47398;DO;16/07/2002;01/01/2006;
IVX193;IVX193399;HD;17/04/1998;;17/04/1998
IVX192;IVX192400;HD;28/11/1997;;28/11/1997
IVX192;IVX192401;HD;29/07/1997;;29/07/1997
IVX47;IVX47405;DO;16/07/2002;01/01/2006;
IVX312;IVX312406;HD;22/11/1959;;01/01/1996
IVX311;IVX311407;HD;24/03/1994;;01/01/1996
IVX311;IVX311408;HD;30/06/1996;;01/01/1996
IVX312;IVX312409;HD;31/05/1958;;01/01/1996
IVX269;IVX269419;HD;31/12/1990;;23/10/2009
IVX269;IVX269420;HD;31/12/1990;;23/10/2009
IVX269;IVX269421;HD;31/12/1990;;23/10/2009
IVX311;IVX311422;HD;17/12/1994;;01/01/1996
IVX47;IVX47423;DO;16/07/2002;01/01/2006;
IVX47;IVX47424;DO;16/07/2002;01/01/2006;
IVX47;IVX47425;DO;16/07/2002;01/01/2006;
IVX47;IVX47426;DO;16/07/2002;01/01/2006;
IVX47;IVX47427;DO;16/07/2002;01/01/2006;
IVX47;IVX47428;DO;16/07/2002;01/01/2006;
IVX47;IVX47429;DO;16/07/2002;01/01/2006;
IVX47;IVX47430;DO;16/07/2002;01/01/2006;
IVX96;IVX96431;GS;17/11/2001;;17/11/2001
IVX96;IVX96432;GS;17/11/2001;;17/11/2001
IVX96;IVX96433;GS;27/10/2001;;27/10/2001
IVX96;IVX96434;GS;27/10/2001;;27/10/2001
IVX96;IVX96435;GS;27/10/2001;;27/10/2001
IVX96;IVX96436;GS;27/10/2001;;27/10/2001
IVX47;IVX47437;DO;16/07/2002;01/01/2006;
IVX37;IVX37438;HD;01/02/1967;;01/01/1996
IVX295;IVX295439;OD;08/08/2002;01/01/2006;
IVX63;IVX63440;HD;01/04/1993;;01/01/1996
IVX302;IVX302441;HD;01/02/1971;;01/01/1996
IVX302;IVX302442;HD;01/02/1969;;01/01/1996
IVX322;IVX322443;HD;01/02/1967;;01/01/1996
IVX322;IVX322444;HD;01/03/1963;;01/01/1996
IVX322;IVX322445;HD;01/02/1963;;01/01/1996
IVX297;IVX297446;HD;01/03/1979;;01/01/1996
IVX297;IVX297447;HD;01/02/1979;;01/01/1996
IVX297;IVX297448;HD;01/01/1979;;01/01/1996
IVX297;IVX297449;HD;01/04/1978;;01/01/1996
IVX297;IVX297450;HD;01/03/1978;;01/01/1996
IVX89;IVX89451;CV;01/11/1996;;01/02/1997
IVX259;IVX259452;GS;19/12/2001;;19/12/2001
IVX96;IVX96453;GS;15/12/2001;;15/12/2001
IVX302;IVX302454;HD;01/04/1971;;01/01/1996
IVX96;IVX96455;GS;17/11/2001;;17/11/2001
IVX58;IVX58456;HD;18/12/1992;;01/01/1996
IVX58;IVX58457;HD;26/09/1992;;01/01/1996
IVX251;IVX251458;HD;14/12/2012;;14/12/2012
IVX251;IVX251459;HD;23/11/2012;;23/11/2012
IVX58;IVX58460;HD;10/12/1993;;01/01/1996
IVX72;IVX72461;HD;18/10/1999;;18/10/1999
IVX72;IVX72462;HD;21/08/1999;;21/08/1999
IVX72;IVX72463;HD;11/06/1999;;11/06/1999
IVX72;IVX72464;HD;18/02/1999;;18/02/1999
IVX249;IVX249465;HD;31/08/2005;;31/08/2005
IVX249;IVX249466;HD;31/07/2005;;31/07/2005
IVX295;IVX295467;OD;08/08/2002;01/01/2006;
IVX295;IVX295468;OD;08/08/2002;01/01/2006;
IVX58;IVX58469;HD;26/03/1993;;01/01/1996
IVX295;IVX295470;OD;08/08/2002;01/01/2006;
IVX302;IVX302471;HD;01/03/1972;;01/01/1996
IVX302;IVX302472;HD;01/02/1974;;01/01/1996
IVX153;IVX153473;HD;28/02/1981;;01/01/1996
IVX153;IVX153474;HD;30/04/1981;;01/01/1996
IVX253;IVX253475;HD;27/06/1981;;01/01/1996
IVX253;IVX253476;HD;30/12/1980;;01/01/1996
IVX253;IVX253477;HD;04/06/1976;;01/01/1996
IVX251;IVX251478;HD;31/01/2013;;31/01/2013
IVX251;IVX251479;HD;04/01/2013;;04/01/2013
IVX251;IVX251480;HD;22/12/2012;;22/12/2012
IVX341;IVX341481;HD;06/12/2014;;06/12/2014
IVX341;IVX341482;HD;18/12/2014;;18/12/2014
IVX341;IVX341483;HD;06/11/2014;;06/11/2014
IVX253;IVX253484;HD;24/02/1976;;01/01/1996
IVX253;IVX253485;HD;11/12/1975;;01/01/1996
IVX302;IVX302486;HD;01/01/1974;;01/01/1996
IVX253;IVX253487;HD;17/10/1975;;01/01/1996
IVX322;IVX322488;HD;01/01/1967;;01/01/1996
IVX297;IVX297489;HD;01/04/1979;;01/01/1996
IVX104;IVX104490;CV;05/02/2013;;05/02/2013
IVX198;IVX198491;GS;23/10/2013;;23/10/2013
IVX197;IVX197492;GS;29/03/2013;;29/03/2013
IVX341;IVX341496;HD;28/04/2015;;28/04/2015
IVX341;IVX341497;HD;08/05/2015;;08/05/2015
IVX302;IVX302498;HD;01/03/1969;;01/01/1996
IVX302;IVX302499;HD;01/02/1969;;01/01/1996
IVX302;IVX302500;HD;01/02/1969;;01/01/1996
IVX37;IVX37501;HD;01/04/1969;;01/01/1996
IVX63;IVX63502;HD;01/04/1993;;01/01/1996
IVX69;IVX69503;HD;01/02/1991;;01/01/1996
IVX69;IVX69504;HD;01/03/1990;;01/01/1996
IVX295;IVX295505;OD;08/08/2002;01/01/2006;
IVX295;IVX295506;OD;08/08/2002;01/01/2006;
IVX295;IVX295507;OD;08/08/2002;01/01/2006;
IVX295;IVX295508;OD;08/08/2002;01/01/2006;
IVX295;IVX295509;OD;08/08/2002;01/01/2006;
IVX295;IVX295513;OD;08/08/2002;01/01/2006;
IVX295;IVX295514;OD;08/08/2002;01/01/2006;
IVX295;IVX295515;OD;08/08/2002;01/01/2006;
IVX295;IVX295518;OD;08/08/2002;01/01/2006;
IVX63;IVX63520;HD;23/01/1999;;23/01/1999
IVX63;IVX63521;HD;21/11/1998;;21/11/1998
IVX64;IVX64522;CV;14/02/1974;;01/01/1996
IVX64;IVX64523;CV;14/02/1967;;01/01/1996
IVX64;IVX64524;CV;29/03/1965;;01/01/1996
IVX69;IVX69527;HD;01/01/1989;;01/01/1996
IVX69;IVX69528;HD;01/03/1989;;01/01/1996
IVX69;IVX69529;HD;01/04/1989;;01/01/1996
IVX132;IVX132530;GS;16/11/2006;;
IVX135;IVX135531;GS;31/12/1990;;
IVX63;IVX63532;HD;19/08/1996;;19/08/1996
IVX314;IVX314533;HD;01/01/1969;;01/01/1996
IVX69;IVX69534;HD;01/01/1991;;01/01/1996
IVX307;IVX307535;MS;01/01/2008;19/09/2014;
IVX270;IVX270536;OD;31/12/1990;;23/10/2009
IVX100;IVX100537;GS;08/01/2004;;08/01/2004
IVX100;IVX100538;GS;08/01/2004;;08/01/2004
IVX100;IVX100539;GS;08/01/2004;;08/01/2004
IVX100;IVX100540;GS;08/01/2004;;08/01/2004
IVX100;IVX100541;CC;16/05/2012;;16/05/2012
IVX100;IVX100542;CC;05/04/2012;;05/04/2012
IVX295;IVX295543;OD;08/08/2002;01/01/2006;
IVX295;IVX295544;OD;08/08/2002;01/01/2006;
IVX295;IVX295545;OD;08/08/2002;01/01/2006;
IVX299;IVX299546;OL;07/07/1977;14/08/2019;01/01/1996
IVX299;IVX299547;OL;07/07/1977;14/08/2019;01/01/1996
IVX69;IVX69548;HD;01/01/1987;;01/01/1996
IVX69;IVX69549;HD;01/01/1987;;01/01/1996
IVX270;IVX270550;OD;31/12/1990;;23/10/2009
IVX69;IVX69551;HD;01/04/1988;;01/01/1996
IVX193;IVX193552;HD;01/07/1998;;01/07/1998
IVX131;IVX131553;HD;13/02/1989;;01/05/2015
IVX134;IVX134554;GS;09/07/2013;;
IVX134;IVX134555;GS;09/07/2013;;
IVX88;IVX88556;CV;30/07/1980;;01/01/1996
IVX88;IVX88557;CV;15/11/1979;;01/01/1996
IVX64;IVX64558;CV;26/03/1973;;01/01/1996
IVX121;IVX121559;HD;18/08/1999;;18/08/1999
IVX121;IVX121560;HD;06/06/1999;;06/06/1999
IVX314;IVX314561;HD;01/04/1969;;01/01/1996
IVX314;IVX314562;HD;01/03/1969;;01/01/1996
IVX314;IVX314563;HD;01/02/1969;;01/01/1996
IVX270;IVX270564;CC;31/12/1990;;23/10/2009
IVX193;IVX193565;HD;01/10/1998;;01/10/1998
IVX91;IVX91567;HD;30/04/1984;;01/01/1996
IVX91;IVX91568;HD;30/04/1991;;01/01/1996
IVX145;IVX145569;OD;28/06/2002;01/01/2005;
IVX145;IVX145570;OD;28/06/2002;01/01/2005;
IVX145;IVX145571;OD;28/06/2002;01/01/2005;
IVX145;IVX145572;OD;28/06/2002;01/01/2005;
IVX145;IVX145573;OD;28/06/2002;01/01/2005;
IVX145;IVX145574;OD;28/06/2002;01/01/2005;
IVX86;IVX86575;OD;29/06/2002;01/01/2005;
IVX296;IVX296576;OD;23/06/2002;01/01/2005;
IVX296;IVX296577;OD;23/06/2002;01/01/2005;
IVX129;IVX129578;OD;26/06/2002;01/01/2005;
IVX86;IVX86579;OD;29/06/2002;01/01/2005;
IVX129;IVX129580;OD;26/06/2002;01/01/2005;
IVX128;IVX128581;OD;09/06/2002;01/01/2005;
IVX145;IVX145582;OD;28/06/2002;01/01/2005;
IVX261;IVX261583;OD;06/07/2002;01/01/2005;
IVX261;IVX261584;OD;06/07/2002;01/01/2005;
IVX261;IVX261585;OD;06/07/2002;01/01/2005;
IVX261;IVX261586;OD;06/07/2002;01/01/2005;
IVX261;IVX261587;OD;06/07/2002;01/01/2005;
IVX261;IVX261588;OD;06/07/2002;01/01/2005;
IVX261;IVX261589;OD;06/07/2002;01/01/2005;
IVX261;IVX261590;OD;06/07/2002;01/01/2005;
IVX261;IVX261591;OD;06/07/2002;01/01/2005;
IVX261;IVX261592;OD;06/07/2002;01/01/2005;
IVX160;IVX160593;OD;28/05/2002;09/07/2004;
IVX164;IVX164594;OD;23/04/2002;09/07/2004;
IVX161;IVX161595;OD;21/04/2002;09/07/2004;
IVX165;IVX165596;OD;22/04/2002;09/07/2004;
IVX261;IVX261597;OD;06/07/2002;01/01/2005;
IVX163;IVX163598;OD;21/04/2002;09/07/2004;
IVX145;IVX145599;OD;28/06/2002;01/01/2005;
IVX145;IVX145600;OD;28/06/2002;01/01/2005;
IVX147;IVX147601;OD;21/06/2002;01/01/2006;
IVX147;IVX147602;OD;21/06/2002;01/01/2006;
IVX295;IVX295603;OD;08/08/2002;01/01/2006;
IVX295;IVX295604;OD;08/08/2002;01/01/2006;
IVX295;IVX295605;OD;08/08/2002;01/01/2006;
IVX295;IVX295606;OD;08/08/2002;01/01/2006;
IVX295;IVX295607;OD;08/08/2002;01/01/2006;
IVX295;IVX295608;OD;08/08/2002;01/01/2006;
IVX295;IVX295609;OD;08/08/2002;01/01/2006;
IVX236;IVX236610;OD;15/03/2002;01/01/2006;
IVX47;IVX47611;DO;16/07/2002;01/01/2006;
IVX47;IVX47612;DO;16/07/2002;01/01/2006;
IVX47;IVX47613;DO;16/07/2002;01/01/2006;
IVX145;IVX145614;OD;28/06/2002;01/01/2005;
IVX47;IVX47615;DO;16/07/2002;01/01/2006;
IVX175;IVX175616;OD;06/06/2002;01/01/2006;
IVX175;IVX175617;OD;06/06/2002;01/01/2006;
IVX158;IVX158618;DO;20/11/2002;01/07/2005;01/01/2005
IVX158;IVX158619;DO;20/11/2002;01/07/2005;01/01/2005
IVX204;IVX204620;OD;13/07/2002;01/01/2005;
IVX204;IVX204621;OD;13/07/2002;01/01/2005;
IVX204;IVX204622;OD;13/07/2002;01/01/2005;
IVX204;IVX204623;OD;13/07/2002;01/01/2005;
IVX204;IVX204624;OD;13/07/2002;01/01/2005;
IVX204;IVX204625;OD;13/07/2002;01/01/2005;
IVX204;IVX204626;OD;13/07/2002;01/01/2005;
IVX145;IVX145627;OD;28/06/2002;01/01/2005;
IVX145;IVX145628;OD;28/06/2002;01/01/2005;
IVX47;IVX47629;DO;16/07/2002;01/01/2006;
IVX147;IVX147630;OD;21/06/2002;01/01/2006;
IVX162;IVX162631;OD;22/04/2002;26/06/2003;
IVX159;IVX159632;OD;22/04/2002;09/07/2004;
IVX204;IVX204633;OD;13/07/2002;01/01/2005;
IVX145;IVX145634;OD;28/06/2002;01/01/2005;
IVX145;IVX145635;OD;28/06/2002;01/01/2005;
IVX86;IVX86636;OD;29/06/2002;01/01/2005;
IVX128;IVX128637;OD;09/06/2002;01/01/2005;
IVX261;IVX261638;OD;06/07/2002;01/01/2005;
IVX261;IVX261639;OD;06/07/2002;01/01/2005;
IVX165;IVX165640;OD;22/04/2002;09/07/2004;
IVX46;IVX46641;OD;17/04/2002;26/06/2003;
IVX169;IVX169642;OD;01/01/2008;01/01/2013;
IVX244;IVX244643;OD;01/01/2008;01/01/2013;
IVX74;IVX74644;DO;29/10/2002;01/01/2005;
IVX185;IVX185645;OD;16/07/2002;01/01/2006;
IVX47;IVX47646;DO;16/07/2002;01/01/2006;
IVX185;IVX185647;OD;16/07/2002;01/01/2006;
IVX185;IVX185648;OD;16/07/2002;01/01/2006;
IVX185;IVX185649;OD;16/07/2002;01/01/2006;
IVX174;IVX174650;OD;14/05/2002;01/01/2006;01/08/2005
IVX174;IVX174651;OD;14/05/2002;01/01/2006;01/02/2005
IVX174;IVX174652;OD;14/05/2002;01/01/2006;01/08/2005
IVX174;IVX174653;OD;14/05/2002;01/01/2006;01/09/2005
IVX174;IVX174654;OD;14/05/2002;01/01/2006;01/09/2005
IVX174;IVX174655;OD;14/05/2002;01/01/2006;01/07/2005
IVX174;IVX174656;OD;14/05/2002;01/01/2006;01/10/2005
IVX174;IVX174657;OD;14/05/2002;01/01/2006;01/03/2005
IVX174;IVX174658;OD;14/05/2002;01/01/2006;01/10/2005
IVX174;IVX174659;OD;14/05/2002;01/01/2006;01/05/2005
IVX174;IVX174660;OD;14/05/2002;01/01/2006;01/06/2005
IVX185;IVX185661;OD;16/07/2002;01/01/2006;
IVX162;IVX162662;OD;22/04/2002;26/06/2003;
IVX236;IVX236663;OD;15/03/2002;01/01/2006;
IVX147;IVX147664;OD;21/06/2002;01/01/2006;
IVX46;IVX46665;OD;17/04/2002;26/06/2003;
IVX46;IVX46666;OD;17/04/2002;26/06/2003;
IVX45;IVX45667;OD;20/04/2002;26/06/2003;
IVX45;IVX45668;OD;20/04/2002;26/06/2003;
IVX167;IVX167669;OD;26/05/2008;01/01/2013;
IVX166;IVX166670;OD;01/01/2008;01/01/2013;
IVX166;IVX166671;OD;01/01/2008;01/01/2013;
IVX169;IVX169672;OD;01/01/2008;01/01/2013;
IVX106;IVX106673;OD;01/01/2008;01/01/2013;
IVX344;IVX344674;OD;01/01/2008;01/01/2013;
IVX344;IVX344675;OD;01/01/2008;01/01/2013;
IVX38;IVX38676;OD;01/01/2008;01/01/2013;
IVX168;IVX168677;OD;01/01/2008;01/01/2013;
IVX295;IVX295678;OD;08/08/2002;01/01/2006;
IVX244;IVX244679;OD;01/01/2008;01/01/2013;
IVX245;IVX245680;OD;01/01/2008;01/01/2013;
IVX78;IVX78681;OD;26/05/2008;01/01/2013;
IVX78;IVX78682;OD;26/05/2008;01/01/2013;
IVX86;IVX86683;OD;29/06/2002;01/01/2005;
IVX74;IVX74684;DO;29/10/2002;01/01/2005;
IVX161;IVX161685;OD;21/04/2002;09/07/2004;
IVX307;IVX307686;MS;06/08/2002;16/05/2003;
IVX174;IVX174687;OD;14/05/2002;01/01/2006;01/12/2005
IVX262;IVX262688;OD;21/07/2002;01/01/2006;
IVX127;IVX127689;OD;05/08/2002;01/01/2006;
IVX127;IVX127690;OD;05/08/2002;01/01/2006;
IVX127;IVX127691;OD;05/08/2002;01/01/2006;
IVX239;IVX239692;OD;15/03/2002;01/01/2006;
IVX343;IVX343693;OD;26/05/2008;01/01/2013;
IVX174;IVX174694;OD;14/05/2002;01/01/2006;01/01/2005
IVX147;IVX147695;OD;21/06/2002;01/01/2006;
IVX147;IVX147696;OD;21/06/2002;01/01/2006;
IVX358;IVX358697;GS;14/07/2022;;14/07/2022
IVX358;IVX358698;GS;14/07/2022;;14/07/2022
IVX358;IVX358699;GS;14/07/2022;;14/07/2022
IVX357;IVX357700;GS;30/06/2022;30/06/2022;
IVX357;IVX357701;GS;29/06/2022;29/06/2022;
IVX357;IVX357702;GS;24/06/2022;24/06/2022;
IVX357;IVX357703;GS;23/06/2022;23/06/2022;
IVX357;IVX357704;GS;16/06/2022;16/06/2022;
IVX357;IVX357705;GS;16/06/2022;16/06/2022;
IVX357;IVX357706;GS;16/06/2022;16/06/2022;
IVX357;IVX357707;GS;16/06/2022;16/06/2022;
IVX357;IVX357708;GS;16/06/2022;16/06/2022;
IVX357;IVX357709;GS;22/06/2022;22/06/2022;
IVX358;IVX358710;GS;14/07/2022;;14/07/2022
IVX357;IVX357711;GS;16/06/2022;16/06/2022;
IVX357;IVX357712;GS;18/06/2022;18/06/2022;
IVX357;IVX357713;GS;16/06/2022;16/06/2022;
IVX356;IVX356714;GS;30/09/2022;;30/09/2022
IVX356;IVX356715;GS;30/09/2022;;30/09/2022
IVX356;IVX356716;GS;30/09/2022;;30/09/2022
IVX356;IVX356717;GS;30/09/2022;;30/09/2022
IVX356;IVX356718;GS;30/09/2022;;30/09/2022
IVX356;IVX356719;GS;30/09/2022;;30/09/2022
IVX356;IVX356720;GS;30/09/2022;;30/09/2022
IVX353;IVX353721;GS;30/09/2022;;30/09/2022
IVX353;IVX353722;GS;30/09/2022;;30/09/2022
IVX353;IVX353723;GS;30/09/2022;;30/09/2022
IVX353;IVX353724;GS;30/09/2022;;30/09/2022
IVX357;IVX357725;GS;18/06/2022;18/06/2022;
IVX353;IVX353726;GS;30/09/2022;;30/09/2022
IVX359;IVX359727;GS;23/07/2022;23/07/2022;
IVX359;IVX359728;GS;27/07/2022;27/07/2022;
IVX181;IVX181729;GS;20/07/2022;;20/07/2022
IVX359;IVX359730;GS;30/07/2022;;28/07/2022
IVX359;IVX359731;GS;23/07/2022;;23/07/2022
IVX361;IVX361732;GS;24/08/2022;;24/08/2022
IVX357;IVX357733;GS;16/06/2022;;16/06/2022
IVX363;IVX363734;DO;21/12/2022;04/10/2022;04/10/2022
IVX363;IVX363735;DO;21/12/2022;04/10/2022;04/10/2022
IVX363;IVX363736;DO;21/12/2022;04/10/2022;04/10/2022
IVX363;IVX363737;DO;21/12/2022;04/10/2022;04/10/2022
IVX363;IVX363738;DO;;04/10/2022;04/10/2022
IVX363;IVX363739;DO;;04/10/2022;04/10/2022
IVX363;IVX363740;OL;;04/10/2022;04/10/2022
IVX363;IVX363741;OL;;04/10/2022;04/10/2022
IVX359;IVX359742;GS;27/07/2022;27/07/2022;
IVX363;IVX363743;OL;;04/10/2022;04/10/2022
IVX363;IVX363744;OL;;04/10/2022;04/10/2022
IVX361;IVX361745;GS;03/09/2022;03/09/2022;
IVX361;IVX361746;GS;24/08/2022;24/08/2022;
IVX229;IVX229747;HD;30/09/2022;;30/09/2022
IVX181;IVX181748;GS;20/07/2022;20/07/2022;
IVX181;IVX181749;GS;21/07/2022;21/07/2022;
IVX181;IVX181750;GS;20/07/2022;20/07/2022;
IVX181;IVX181751;GS;20/07/2022;20/07/2022;
IVX359;IVX359752;GS;28/07/2022;28/07/2022;
IVX359;IVX359753;GS;30/07/2022;30/07/2022;
IVX359;IVX359754;GS;02/08/2022;02/08/2022;
IVX359;IVX359755;GS;27/07/2022;27/07/2022;
IVX359;IVX359756;GS;27/07/2022;27/07/2022;
IVX363;IVX363757;OL;;04/10/2022;04/10/2022
IVX147;IVX147758;OD;21/06/2002;01/01/2006;
IVX353;IVX353759;GS;30/09/2022;;30/09/2022
IVX354;IVX354760;GS;25/10/2022;;25/10/2022
IVX262;IVX262761;OD;21/07/2002;01/01/2006;
IVX262;IVX262762;OD;21/07/2002;01/01/2006;
IVX262;IVX262763;OD;21/07/2002;01/01/2006;
IVX262;IVX262764;OD;21/07/2002;01/01/2006;
IVX262;IVX262765;OD;21/07/2002;01/01/2006;
IVX240;IVX240766;OD;15/03/2002;01/01/2006;
IVX262;IVX262767;OD;21/07/2002;01/01/2006;
IVX262;IVX262768;OD;21/07/2002;01/01/2006;
IVX127;IVX127769;OD;05/08/2002;01/01/2006;
IVX127;IVX127770;OD;05/08/2002;01/01/2006;
IVX127;IVX127771;OD;05/08/2002;01/01/2006;
IVX127;IVX127772;OD;05/08/2002;01/01/2006;
IVX127;IVX127773;OD;05/08/2002;01/01/2006;
IVX262;IVX262774;OD;21/07/2002;01/01/2006;
IVX127;IVX127775;OD;05/08/2002;01/01/2006;
IVX127;IVX127776;OD;05/08/2002;01/01/2006;
IVX127;IVX127777;OD;05/08/2002;01/01/2006;
IVX127;IVX127778;OD;05/08/2002;01/01/2006;
IVX127;IVX127779;OD;05/08/2002;01/01/2006;
IVX127;IVX127780;OD;05/08/2002;01/01/2006;
IVX127;IVX127781;OD;05/08/2002;01/01/2006;
IVX127;IVX127782;OD;05/08/2002;01/01/2006;
IVX127;IVX127783;OD;05/08/2002;01/01/2006;
IVX127;IVX127784;OD;05/08/2002;01/01/2006;
IVX127;IVX127785;OD;05/08/2002;01/01/2006;
IVX127;IVX127786;OD;05/08/2002;01/01/2006;
IVX239;IVX239787;OD;15/03/2002;01/01/2006;
IVX237;IVX237788;OD;15/03/2002;01/01/2006;
IVX127;IVX127789;OD;05/08/2002;01/01/2006;
IVX355;IVX355790;GS;04/10/2022;;04/10/2022
IVX79;IVX79791;OD;16/02/2002;01/01/2006;01/08/2005
IVX79;IVX79792;OD;16/02/2002;01/01/2006;01/10/2005
IVX352;IVX352793;OD;01/10/2021;01/04/2022;02/04/2022
IVX352;IVX352794;OD;01/10/2021;01/04/2022;02/04/2022
IVX352;IVX352795;OD;01/10/2021;01/04/2022;02/04/2022
IVX352;IVX352796;OD;01/10/2021;01/04/2022;02/04/2022
IVX351;IVX351797;GS;10/07/2021;;10/07/2021
IVX351;IVX351798;GS;17/07/2021;;17/07/2021
IVX351;IVX351799;GS;30/08/2021;;30/08/2021
IVX351;IVX351800;GS;13/07/2021;;13/07/2021
IVX351;IVX351801;GS;17/07/2021;;17/07/2021
IVX124;IVX124802;MS;20/12/2019;;29/05/2021
IVX330;IVX330803;OL;01/12/2020;25/05/2021;
IVX330;IVX330804;OL;01/12/2020;25/05/2021;
IVX329;IVX329805;OD;21/11/2020;20/05/2021;
IVX79;IVX79806;OD;16/02/2002;01/01/2006;01/02/2005
IVX328;IVX328807;OL;21/11/2020;20/05/2021;
IVX123;IVX123808;HD;01/01/1957;;15/09/2022
IVX123;IVX123809;HD;01/01/1957;;15/09/2022
IVX123;IVX123810;HD;01/01/1957;;15/09/2022
IVX123;IVX123811;HD;01/01/1957;;15/09/2022
IVX130;IVX130812;GS;31/12/1990;31/12/1990;
IVX130;IVX130813;GS;31/12/1990;30/07/2014;
IVX66;IVX66814;CV;31/01/1975;01/01/1986;
IVX174;IVX174815;OD;14/05/2002;01/01/2006;01/04/2005
IVX174;IVX174816;OD;14/05/2002;01/01/2006;01/12/2005
IVX174;IVX174817;OD;14/05/2002;01/01/2006;01/06/2005
IVX174;IVX174818;OD;14/05/2002;01/01/2006;01/05/2005
IVX79;IVX79819;OD;16/02/2002;01/01/2006;01/01/2005
IVX79;IVX79820;OD;16/02/2002;01/01/2006;01/07/2005
IVX123;IVX123821;HD;01/01/1957;;15/09/2022
IVX91;IVX91822;HD;28/02/1988;;01/01/1996
IVX174;IVX174823;OD;14/05/2002;01/01/2006;01/02/2005
IVX174;IVX174824;OD;14/05/2002;01/01/2006;01/02/2005
IVX279;IVX279825;HD;01/02/1978;;01/01/1996
IVX279;IVX279826;HD;01/01/1979;;01/01/1996
IVX278;IVX278827;HD;12/03/2009;;12/03/2009
IVX278;IVX278828;HD;25/12/2008;;25/12/2008
IVX277;IVX277829;HD;06/07/2012;;06/07/2012
IVX277;IVX277830;HD;24/03/2012;;24/03/2012
IVX276;IVX276831;HD;22/06/1973;;01/01/1996
IVX276;IVX276832;HD;21/03/1973;;01/01/1996
IVX274;IVX274833;HD;29/11/2006;;29/11/2006
IVX274;IVX274834;HD;29/12/2004;;29/12/2004
IVX273;IVX273835;HD;12/03/2011;;12/03/2011
IVX273;IVX273836;HD;30/12/2010;;30/12/2010
IVX273;IVX273837;HD;23/11/2010;;23/11/2010
IVX279;IVX279838;HD;01/02/1978;;01/01/1996
IVX334;IVX334839;HD;06/06/2008;;06/06/2008
IVX334;IVX334840;HD;04/03/2008;;04/03/2008
IVX115;IVX115841;HD;12/04/2001;;12/04/2001
IVX115;IVX115842;HD;05/02/2001;;05/02/2001
IVX340;IVX340843;HD;18/12/2012;;18/12/2012
IVX340;IVX340844;HD;27/11/2012;;27/11/2012
IVX340;IVX340845;HD;15/10/2012;;15/10/2012
IVX340;IVX340846;HD;22/09/2012;;22/09/2012
IVX340;IVX340847;HD;30/03/2012;;30/03/2012
IVX340;IVX340848;HD;03/07/2012;;03/07/2012
IVX340;IVX340849;HD;15/05/2012;;15/05/2012
IVX340;IVX340850;HD;30/03/2012;;30/03/2012
IVX340;IVX340851;HD;05/09/2014;;05/09/2014
IVX340;IVX340852;HD;16/08/2014;;16/08/2014
IVX334;IVX334853;HD;02/04/2008;;02/04/2008
IVX340;IVX340854;HD;21/08/2014;;21/08/2014
IVX147;IVX147855;OD;21/06/2002;01/01/2006;
IVX147;IVX147856;OD;21/06/2002;01/01/2006;
IVX127;IVX127857;OD;05/08/2002;01/01/2006;
IVX127;IVX127858;OD;05/08/2002;01/01/2006;
IVX127;IVX127859;OD;05/08/2002;01/01/2006;
IVX127;IVX127860;OD;05/08/2002;01/01/2006;
IVX127;IVX127861;OD;05/08/2002;01/01/2006;
IVX127;IVX127862;OD;05/08/2002;01/01/2006;
IVX127;IVX127863;OD;05/08/2002;01/01/2006;
IVX239;IVX239864;OD;15/03/2002;01/01/2006;
IVX147;IVX147865;OD;21/06/2002;01/01/2006;
IVX147;IVX147866;OD;21/06/2002;01/01/2006;
IVX147;IVX147867;OD;21/06/2002;01/01/2006;
IVX147;IVX147868;OD;21/06/2002;01/01/2006;
IVX147;IVX147869;OD;21/06/2002;01/01/2006;
IVX147;IVX147870;OD;21/06/2002;01/01/2006;
IVX147;IVX147871;OD;21/06/2002;01/01/2006;
IVX147;IVX147872;OD;21/06/2002;01/01/2006;
IVX147;IVX147873;OD;21/06/2002;01/01/2006;
IVX147;IVX147874;OD;21/06/2002;01/01/2006;
IVX147;IVX147875;OD;21/06/2002;01/01/2006;
IVX147;IVX147876;OD;21/06/2002;01/01/2006;
IVX147;IVX147877;OD;21/06/2002;01/01/2006;
IVX147;IVX147878;OD;21/06/2002;01/01/2006;
IVX147;IVX147879;OD;21/06/2002;01/01/2006;
IVX147;IVX147880;OD;21/06/2002;01/01/2006;
IVX237;IVX237881;OD;15/03/2002;01/01/2006;
IVX147;IVX147882;OD;21/06/2002;01/01/2006;
IVX238;IVX238883;OD;15/03/2002;01/01/2006;
IVX237;IVX237884;OD;15/03/2002;01/01/2006;
IVX147;IVX147885;OD;21/06/2002;01/01/2006;
IVX127;IVX127886;OD;05/08/2002;01/01/2006;
IVX340;IVX340887;HD;07/08/2014;;07/08/2014
IVX340;IVX340888;HD;05/07/2014;;05/07/2014
IVX234;IVX234889;OL;01/01/2008;;01/01/2008
IVX234;IVX234890;OL;01/01/2008;;01/01/2008
IVX234;IVX234891;OL;01/01/2008;;01/01/2008
IVX233;IVX233892;OL;19/01/2011;;13/01/2011
IVX233;IVX233893;OL;13/01/2011;;13/01/2011
IVX233;IVX233894;OL;13/01/2011;;01/02/2013
IVX232;IVX232895;OL;24/12/2010;;19/02/2013
IVX232;IVX232896;OL;24/12/2010;;06/03/2013
IVX232;IVX232897;OL;24/12/2010;;01/02/2013
IVX91;IVX91898;HD;28/02/1989;;01/01/1996
IVX91;IVX91899;HD;31/03/1987;;01/01/1996
IVX91;IVX91900;HD;31/01/1987;;01/01/1996
IVX91;IVX91901;HD;31/03/1986;;01/01/1996
IVX234;IVX234902;OL;01/01/2008;;01/01/2008
IVX91;IVX91903;HD;31/03/1985;;01/01/1996
IVX91;IVX91904;HD;31/01/1985;;01/01/1996
IVX91;IVX91905;HD;24/05/2007;;24/05/2007
IVX91;IVX91906;HD;01/06/2007;;01/06/2007
IVX91;IVX91907;HD;24/05/2006;;24/05/2006
IVX91;IVX91908;HD;05/04/2007;;05/04/2007
IVX91;IVX91909;HD;23/05/2005;;23/05/2005
IVX91;IVX91910;HD;10/02/2005;;10/02/2005
IVX91;IVX91911;HD;29/12/2004;;29/12/2004
IVX91;IVX91912;HD;18/05/2004;;18/05/2004
IVX91;IVX91913;HD;07/11/2003;;07/11/2003
IVX91;IVX91914;HD;31/05/2003;;31/05/2003
IVX91;IVX91915;HD;02/04/2003;;02/04/2003
IVX91;IVX91916;HD;30/04/1992;;01/01/1996
IVX91;IVX91917;HD;31/01/1985;;01/01/1996
IVX340;IVX340918;HD;20/08/2014;;20/08/2014
IVX234;IVX234919;OL;01/01/2008;;01/01/2008
IVX234;IVX234920;OL;01/01/2008;;01/01/2008
IVX340;IVX340921;HD;27/03/2014;;27/03/2014
IVX340;IVX340922;HD;27/03/2014;;27/03/2014
IVX340;IVX340923;HD;22/02/2014;;22/02/2014
IVX340;IVX340924;HD;09/01/2014;;09/01/2014
IVX340;IVX340925;HD;22/02/2014;;22/02/2014
IVX340;IVX340926;HD;22/02/2014;;22/02/2014
IVX340;IVX340927;HD;08/04/2014;;08/04/2014
IVX340;IVX340928;HD;08/04/2014;;08/04/2014
IVX340;IVX340929;HD;08/04/2014;;08/04/2014
IVX340;IVX340930;HD;03/08/2013;;03/08/2013
IVX340;IVX340931;HD;25/03/2014;;25/03/2014
IVX340;IVX340932;HD;19/08/2013;;19/08/2013
IVX340;IVX340933;HD;28/06/2013;;28/06/2013
IVX234;IVX234934;OL;01/01/2008;;01/01/2008
IVX340;IVX340935;HD;05/06/2013;;05/06/2013
IVX340;IVX340936;HD;18/01/2013;;18/01/2013
IVX340;IVX340937;HD;12/03/2013;;12/03/2013
IVX340;IVX340938;HD;28/12/2012;;28/12/2012
IVX272;IVX272939;HD;07/09/2011;;07/09/2011
IVX272;IVX272940;HD;27/05/2011;;27/05/2011
IVX272;IVX272941;HD;31/03/2011;;31/03/2011
IVX341;IVX341942;HD;08/01/2015;;08/01/2015
IVX341;IVX341943;HD;30/10/2014;;30/10/2014
IVX341;IVX341944;HD;18/09/2014;;18/09/2014
IVX341;IVX341945;HD;09/10/2014;;09/10/2014
IVX341;IVX341946;HD;12/02/2014;;12/02/2014
IVX84;IVX84947;DO;01/01/2008;;16/05/2008
IVX234;IVX234948;OL;01/01/2008;;01/01/2008
IVX340;IVX340949;HD;10/04/2013;;10/04/2013
IVX174;IVX174950;OD;14/05/2002;01/01/2006;01/03/2005
IVX127;IVX127951;OD;05/08/2002;01/01/2006;
IVX127;IVX127952;OD;05/08/2002;01/01/2006;
IVX262;IVX262953;OD;21/07/2002;01/01/2006;
IVX262;IVX262954;OD;21/07/2002;01/01/2006;
IVX262;IVX262955;OD;21/07/2002;01/01/2006;
IVX262;IVX262956;OD;21/07/2002;01/01/2006;
IVX262;IVX262957;OD;21/07/2002;01/01/2006;
IVX262;IVX262958;OD;21/07/2002;01/01/2006;
IVX262;IVX262959;OD;21/07/2002;01/01/2006;
IVX262;IVX262960;OD;21/07/2002;01/01/2006;
IVX262;IVX262961;OD;21/07/2002;01/01/2006;
IVX262;IVX262962;OD;21/07/2002;01/01/2006;
IVX262;IVX262963;OD;21/07/2002;01/01/2006;
IVX262;IVX262964;OD;21/07/2002;01/01/2006;
IVX262;IVX262965;OD;21/07/2002;01/01/2006;
IVX262;IVX262966;OD;21/07/2002;01/01/2006;
IVX262;IVX262967;OD;21/07/2002;01/01/2006;
IVX262;IVX262968;OD;21/07/2002;01/01/2006;
IVX262;IVX262969;OD;21/07/2002;01/01/2006;
IVX262;IVX262970;OD;21/07/2002;01/01/2006;
IVX262;IVX262971;OD;21/07/2002;01/01/2006;
IVX262;IVX262972;OD;21/07/2002;01/01/2006;
IVX240;IVX240973;OD;15/03/2002;01/01/2006;
IVX240;IVX240974;OD;15/03/2002;01/01/2006;
IVX262;IVX262975;OD;21/07/2002;01/01/2006;
IVX262;IVX262976;OD;21/07/2002;01/01/2006;
IVX262;IVX262977;OD;21/07/2002;01/01/2006;
IVX262;IVX262978;OD;21/07/2002;01/01/2006;
IVX127;IVX127979;OD;05/08/2002;01/01/2006;
IVX127;IVX127980;OD;05/08/2002;01/01/2006;
IVX262;IVX262981;OD;21/07/2002;01/01/2006;
IVX127;IVX127982;OD;05/08/2002;01/01/2006;
IVX262;IVX262983;OD;21/07/2002;01/01/2006;
IVX262;IVX262984;OD;21/07/2002;01/01/2006;
IVX174;IVX174985;OD;14/05/2002;01/01/2006;01/04/2005
IVX174;IVX174986;OD;14/05/2002;01/01/2006;01/08/2005
IVX174;IVX174987;OD;14/05/2002;01/01/2006;01/05/2005
IVX174;IVX174988;OD;14/05/2002;01/01/2006;01/03/2005
IVX174;IVX174989;OD;14/05/2002;01/01/2006;01/11/2005
IVX174;IVX174990;OD;14/05/2002;01/01/2006;01/07/2005
IVX174;IVX174991;OD;14/05/2002;01/01/2006;01/05/2005
IVX79;IVX79992;OD;16/02/2002;01/01/2006;01/02/2005
IVX79;IVX79993;OD;16/02/2002;01/01/2006;01/04/2005
IVX79;IVX79994;OD;16/02/2002;01/01/2006;01/07/2005
IVX79;IVX79995;OD;16/02/2002;01/01/2006;01/05/2005
IVX79;IVX79996;OD;16/02/2002;01/01/2006;01/10/2005
IVX79;IVX79997;OD;16/02/2002;01/01/2006;01/09/2005
IVX262;IVX262998;OD;21/07/2002;01/01/2006;
IVX79;IVX79999;OD;16/02/2002;01/01/2006;01/09/2005
IVX79;IVX791000;OD;16/02/2002;01/01/2006;01/03/2005
IVX79;IVX791001;OD;16/02/2002;01/01/2006;01/09/2005
IVX79;IVX791002;OD;16/02/2002;01/01/2006;01/05/2005
IVX79;IVX791003;OD;16/02/2002;01/01/2006;01/09/2005
IVX79;IVX791004;OD;16/02/2002;01/01/2006;01/10/2005
IVX79;IVX791005;OD;16/02/2002;01/01/2006;01/10/2005
IVX79;IVX791006;OD;16/02/2002;01/01/2006;01/03/2005
IVX79;IVX791007;OD;16/02/2002;01/01/2006;01/07/2005
IVX79;IVX791008;OD;16/02/2002;01/01/2006;01/05/2005
IVX79;IVX791009;OD;16/02/2002;01/01/2006;01/03/2005
IVX262;IVX2621010;OD;21/07/2002;01/01/2006;
IVX262;IVX2621011;OD;21/07/2002;01/01/2006;
IVX262;IVX2621012;OD;21/07/2002;01/01/2006;
IVX79;IVX791013;OD;16/02/2002;01/01/2006;01/04/2005
IVX127;IVX1271014;OD;05/08/2002;01/01/2006;
IVX127;IVX1271015;OD;05/08/2002;01/01/2006;
IVX127;IVX1271016;OD;05/08/2002;01/01/2006;
IVX127;IVX1271017;OD;05/08/2002;01/01/2006;
IVX127;IVX1271018;OD;05/08/2002;01/01/2006;
IVX127;IVX1271019;OD;05/08/2002;01/01/2006;
IVX127;IVX1271020;OD;05/08/2002;01/01/2006;
IVX127;IVX1271021;OD;05/08/2002;01/01/2006;
IVX127;IVX1271022;OD;05/08/2002;01/01/2006;
IVX127;IVX1271023;OD;05/08/2002;01/01/2006;
IVX127;IVX1271024;OD;05/08/2002;01/01/2006;
IVX127;IVX1271025;OD;05/08/2002;01/01/2006;
IVX127;IVX1271026;OD;05/08/2002;01/01/2006;
IVX127;IVX1271027;OD;05/08/2002;01/01/2006;
IVX127;IVX1271028;OD;05/08/2002;01/01/2006;
IVX127;IVX1271029;OD;05/08/2002;01/01/2006;
IVX127;IVX1271030;OD;05/08/2002;01/01/2006;
IVX127;IVX1271031;OD;05/08/2002;01/01/2006;
IVX127;IVX1271032;OD;05/08/2002;01/01/2006;
IVX127;IVX1271033;OD;05/08/2002;01/01/2006;
IVX127;IVX1271034;OD;05/08/2002;01/01/2006;
IVX127;IVX1271035;OD;05/08/2002;01/01/2006;
IVX127;IVX1271036;OD;05/08/2002;01/01/2006;
IVX127;IVX1271037;OD;05/08/2002;01/01/2006;
IVX127;IVX1271038;OD;05/08/2002;01/01/2006;
IVX127;IVX1271039;OD;05/08/2002;01/01/2006;
IVX127;IVX1271040;OD;05/08/2002;01/01/2006;
IVX127;IVX1271041;OD;05/08/2002;01/01/2006;
IVX127;IVX1271042;OD;05/08/2002;01/01/2006;
IVX127;IVX1271043;OD;05/08/2002;01/01/2006;
IVX127;IVX1271044;OD;05/08/2002;01/01/2006;
IVX127;IVX1271045;OD;05/08/2002;01/01/2006;
IVX127;IVX1271046;OD;05/08/2002;01/01/2006;
IVX127;IVX1271047;OD;05/08/2002;01/01/2006;
IVX262;IVX2621048;OD;21/07/2002;01/01/2006;
IVX127;IVX1271049;OD;05/08/2002;01/01/2006;
IVX127;IVX1271050;OD;05/08/2002;01/01/2006;
IVX127;IVX1271051;OD;05/08/2002;01/01/2006;
IVX127;IVX1271052;OD;05/08/2002;01/01/2006;
IVX127;IVX1271053;OD;05/08/2002;01/01/2006;
IVX127;IVX1271054;OD;05/08/2002;01/01/2006;
IVX262;IVX2621055;OD;21/07/2002;01/01/2006;
IVX127;IVX1271056;OD;05/08/2002;01/01/2006;
IVX127;IVX1271057;OD;05/08/2002;01/01/2006;
IVX127;IVX1271058;OD;05/08/2002;01/01/2006;
IVX127;IVX1271059;OD;05/08/2002;01/01/2006;
IVX127;IVX1271060;OD;05/08/2002;01/01/2006;
IVX127;IVX1271061;OD;05/08/2002;01/01/2006;
IVX127;IVX1271062;OD;05/08/2002;01/01/2006;
IVX127;IVX1271063;OD;05/08/2002;01/01/2006;
IVX127;IVX1271064;OD;05/08/2002;01/01/2006;
IVX127;IVX1271065;OD;05/08/2002;01/01/2006;
IVX127;IVX1271066;OD;05/08/2002;01/01/2006;
IVX127;IVX1271067;OD;05/08/2002;01/01/2006;
IVX127;IVX1271068;OD;05/08/2002;01/01/2006;
IVX127;IVX1271069;OD;05/08/2002;01/01/2006;
IVX127;IVX1271070;OD;05/08/2002;01/01/2006;
IVX127;IVX1271071;OD;05/08/2002;01/01/2006;
IVX127;IVX1271072;OD;05/08/2002;01/01/2006;
IVX127;IVX1271073;OD;05/08/2002;01/01/2006;
IVX127;IVX1271074;OD;05/08/2002;01/01/2006;
IVX127;IVX1271075;OD;05/08/2002;01/01/2006;
IVX127;IVX1271076;OD;05/08/2002;01/01/2006;
IVX127;IVX1271077;OD;05/08/2002;01/01/2006;
IVX363;IVX3631078;OL;;04/10/2022;04/10/2022
IVX47;IVX471080;DO;16/07/2002;01/01/2006;
IVX75;IVX751081;HD;30/04/1989;;01/01/1996
IVX191;IVX1911082;HD;17/05/2014;;17/05/2014
IVX191;IVX1911083;HD;17/05/2014;;17/05/2014
IVX245;IVX2451084;OD;01/01/2008;01/01/2013;
IVX78;IVX781085;OD;26/05/2008;01/01/2013;
IVX78;IVX781086;OD;26/05/2008;01/01/2013;
IVX73;IVX731087;HD;28/02/1956;;01/01/1996
IVX73;IVX731088;HD;28/02/1956;;01/01/1996
IVX73;IVX731089;HD;31/03/1958;;01/01/1996
IVX73;IVX731090;HD;28/02/1958;;01/01/1996
IVX210;IVX2101091;HD;30/03/2002;;01/06/2002
IVX210;IVX2101092;HD;04/04/2002;;04/04/2002
IVX78;IVX781093;OD;26/05/2008;01/01/2013;
IVX75;IVX751094;HD;31/01/1990;;01/01/1996
IVX78;IVX781095;OD;26/05/2008;01/01/2013;
IVX85;IVX851096;GS;19/07/2007;;01/08/2007
IVX85;IVX851097;CC;13/01/2006;;13/01/2006
IVX85;IVX851098;GS;26/11/2004;;26/11/2004
IVX210;IVX2101099;HD;20/02/2002;;20/02/2002
IVX71;IVX711100;HD;01/04/2001;;01/04/2001
IVX71;IVX711101;HD;01/04/2001;;01/04/2001
IVX52;IVX521102;OL;27/06/2002;01/01/2005;
IVX296;IVX2961103;OD;23/06/2002;01/01/2005;
IVX129;IVX1291104;OD;26/06/2002;01/01/2005;
IVX128;IVX1281105;OD;09/06/2002;01/01/2005;
IVX74;IVX741106;DO;29/10/2002;01/01/2005;
IVX74;IVX741107;DO;29/10/2002;01/01/2005;
IVX160;IVX1601108;OD;28/05/2002;09/07/2004;
IVX163;IVX1631109;OD;21/04/2002;26/06/2003;
IVX164;IVX1641110;OD;23/04/2002;09/07/2004;
IVX241;IVX2411111;OD;18/06/2009;31/12/2023;18/06/2009
IVX245;IVX2451112;OD;01/01/2008;01/01/2013;
IVX51;IVX511113;HD;01/04/1973;;01/01/1996
IVX51;IVX511114;HD;01/03/1965;;01/01/1996
IVX51;IVX511115;HD;01/01/1965;;01/01/1996
IVX344;IVX3441116;OD;01/01/2008;01/01/2013;
IVX344;IVX3441117;OD;01/01/2008;01/01/2013;
IVX38;IVX381118;OD;01/01/2008;01/01/2013;
IVX38;IVX381119;OD;01/01/2008;01/01/2013;
IVX38;IVX381120;OD;01/01/2008;01/01/2013;
IVX38;IVX381121;OD;01/01/2008;01/01/2013;
IVX138;IVX1381122;DO;07/06/2017;01/01/2018;
IVX138;IVX1381123;DO;07/06/2017;01/01/2018;
IVX168;IVX1681124;OD;01/01/2008;01/01/2013;
IVX168;IVX1681125;OD;01/01/2008;01/01/2013;
IVX245;IVX2451126;OD;01/01/2008;01/01/2013;
IVX168;IVX1681127;OD;01/01/2008;01/01/2013;
IVX244;IVX2441128;OD;01/01/2008;01/01/2013;
IVX244;IVX2441129;OD;01/01/2008;01/01/2013;
IVX244;IVX2441130;OD;01/01/2008;01/01/2013;
IVX244;IVX2441131;OD;01/01/2008;01/01/2013;
IVX244;IVX2441132;OD;01/01/2008;01/01/2013;
IVX341;IVX3411133;HD;11/12/2015;;11/12/2015
IVX343;IVX3431134;OD;26/05/2008;01/01/2013;
IVX343;IVX3431135;OD;26/05/2008;01/01/2013;
IVX343;IVX3431136;OD;26/05/2008;01/01/2013;
IVX343;IVX3431137;OD;26/05/2008;01/01/2013;
IVX343;IVX3431138;OD;26/05/2008;01/01/2013;
IVX245;IVX2451139;OD;01/01/2008;01/01/2013;
IVX245;IVX2451140;OD;01/01/2008;01/01/2013;
IVX168;IVX1681141;OD;01/01/2008;01/01/2013;
IVX344;IVX3441142;OD;01/01/2008;01/01/2013;
IVX162;IVX1621143;OD;22/04/2002;26/06/2003;
IVX85;IVX851144;GS;05/11/2004;;05/11/2004
IVX280;IVX2801145;HD;01/01/1968;;01/01/1996
IVX280;IVX2801146;HD;01/03/1962;;01/01/1996
IVX259;IVX2591147;GS;19/12/2001;;19/12/2001
IVX259;IVX2591148;GS;19/12/2001;;19/12/2001
IVX259;IVX2591149;GS;19/12/2001;;19/12/2001
IVX185;IVX1851150;OD;16/07/2002;01/01/2006;
IVX174;IVX1741151;OD;14/05/2002;01/01/2006;01/07/2005
IVX174;IVX1741152;OD;14/05/2002;01/01/2006;01/08/2005
IVX79;IVX791153;OD;16/02/2002;01/01/2006;01/07/2005
IVX79;IVX791154;OD;16/02/2002;01/01/2006;01/12/2005
IVX51;IVX511155;HD;01/03/1964;;01/01/1996
IVX51;IVX511156;HD;01/02/1964;;01/01/1996
IVX51;IVX511157;HD;01/04/1963;;01/01/1996
IVX280;IVX2801158;HD;01/02/1968;;01/01/1996
IVX59;IVX591159;GS;31/12/2004;;31/12/2004
IVX59;IVX591160;GS;31/12/2004;;31/12/2004
IVX304;IVX3041161;HD;01/04/1984;;01/01/1996
IVX304;IVX3041162;HD;01/01/1985;;01/01/1996
IVX304;IVX3041163;HD;01/04/1982;;01/01/1996
IVX320;IVX3201164;HD;01/01/1980;;01/01/1996
IVX174;IVX1741165;OD;14/05/2002;01/01/2006;01/06/2005
IVX320;IVX3201166;HD;01/01/1980;;01/01/1996
IVX303;IVX3031167;HD;17/11/1962;;01/01/1996
IVX303;IVX3031168;HD;21/09/1962;;01/01/1996
IVX302;IVX3021169;HD;01/01/1970;;01/01/1996
IVX302;IVX3021170;HD;01/01/1971;;01/01/1996
IVX79;IVX791171;OD;16/02/2002;01/01/2006;01/02/2005
IVX262;IVX2621172;OD;21/07/2002;01/01/2006;
IVX59;IVX591173;GS;31/12/2004;;31/12/2004
IVX71;IVX711174;HD;01/04/2001;;01/04/2001
IVX185;IVX1851175;OD;16/07/2002;01/01/2006;
IVX185;IVX1851176;OD;16/07/2002;01/01/2006;
IVX85;IVX851177;CC;04/03/2005;;02/05/2008
IVX85;IVX851178;GS;04/03/2005;;04/03/2005
IVX85;IVX851179;GS;04/03/2005;;04/03/2005
IVX260;IVX2601180;CC;09/12/2004;;09/12/2004
IVX260;IVX2601181;GS;01/04/2004;;01/04/2004
IVX260;IVX2601182;GS;06/03/2004;;06/03/2004
IVX260;IVX2601183;GS;06/03/2004;;06/03/2004
IVX259;IVX2591184;GS;28/02/2002;;28/02/2002
IVX259;IVX2591185;GS;22/12/2001;;22/12/2001
IVX259;IVX2591186;GS;22/12/2001;;22/12/2001
IVX259;IVX2591187;GS;03/01/2002;;03/01/2002
IVX159;IVX1591188;OD;22/04/2002;09/07/2004;
IVX46;IVX461189;OD;17/04/2002;26/06/2003;
IVX185;IVX1851190;OD;16/07/2002;01/01/2006;
IVX45;IVX451191;OD;20/04/2002;26/06/2003;
IVX204;IVX2041192;OD;13/07/2002;01/01/2005;
IVX338;IVX3381193;HD;02/01/1978;;01/01/1996
IVX338;IVX3381194;HD;02/01/1978;;01/01/1996
IVX61;IVX611195;HD;07/12/2005;;07/12/2005
IVX61;IVX611196;HD;09/12/2005;;09/12/2005
IVX61;IVX611197;HD;07/12/2005;;07/12/2005
IVX59;IVX591198;GS;31/12/2004;;31/12/2004
IVX75;IVX751199;HD;28/02/1989;;01/01/1996
IVX75;IVX751200;HD;31/01/1989;;01/01/1996
IVX75;IVX751201;HD;31/03/1988;;01/01/1996
IVX335;IVX3351202;HD;01/01/1980;;01/01/1996
IVX335;IVX3351203;HD;01/01/1980;;01/01/1996
IVX43;IVX431204;GS;02/03/2010;;02/03/2010
IVX145;IVX1451205;OD;01/01/2008;15/02/2011;01/01/2008
IVX262;IVX2621206;OD;21/07/2002;01/01/2006;
IVX344;IVX3441207;OD;01/01/2008;01/01/2013;
IVX106;IVX1061208;OD;01/01/2008;01/01/2013;
IVX113;IVX1131209;HD;01/02/1988;;01/01/1996
IVX113;IVX1131210;HD;01/04/1987;;01/01/1996
IVX113;IVX1131211;HD;01/03/1987;;01/01/1996
IVX261;IVX2611212;OD;06/07/2002;01/01/2005;
IVX261;IVX2611213;OD;06/07/2002;01/01/2005;
IVX261;IVX2611214;OD;06/07/2002;01/01/2005;
IVX160;IVX1601215;OD;28/05/2002;09/07/2004;
IVX160;IVX1601216;OD;28/05/2002;09/07/2004;
IVX160;IVX1601217;OD;28/05/2002;09/07/2004;
IVX113;IVX1131218;HD;01/02/1987;;01/01/1996
IVX113;IVX1131219;HD;01/01/1986;;01/01/1996
IVX113;IVX1131220;HD;01/04/1985;;01/01/1996
IVX160;IVX1601221;OD;28/05/2002;09/07/2004;
IVX348;IVX3481222;OL;27/05/2010;;27/05/2010
IVX160;IVX1601223;OD;28/05/2002;09/07/2004;
IVX164;IVX1641224;OD;23/04/2002;09/07/2004;
IVX164;IVX1641225;OD;23/04/2002;09/07/2004;
IVX164;IVX1641226;OD;23/04/2002;09/07/2004;
IVX161;IVX1611227;OD;21/04/2002;09/07/2004;
IVX161;IVX1611228;OD;21/04/2002;09/07/2004;
IVX161;IVX1611229;OD;21/04/2002;09/07/2004;
IVX165;IVX1651230;OD;22/04/2002;09/07/2004;
IVX165;IVX1651231;OD;22/04/2002;09/07/2004;
IVX165;IVX1651232;OD;22/04/2002;09/07/2004;
IVX165;IVX1651233;OD;22/04/2002;09/07/2004;
IVX165;IVX1651234;OD;22/04/2002;09/07/2004;
IVX163;IVX1631235;OD;21/04/2002;09/07/2004;
IVX163;IVX1631236;OD;21/04/2002;09/07/2004;
IVX160;IVX1601237;OD;28/05/2002;09/07/2004;
IVX163;IVX1631238;OD;21/04/2002;09/07/2004;
IVX348;IVX3481239;OL;27/05/2010;;27/05/2010
IVX348;IVX3481240;OL;20/05/2010;;20/05/2010
IVX315;IVX3151241;HD;09/08/2012;;09/08/2012
IVX315;IVX3151242;HD;29/05/2012;;29/05/2012
IVX315;IVX3151243;HD;02/03/2012;;02/03/2012
IVX131;IVX1311244;HD;15/09/1989;;01/05/2015
IVX131;IVX1311245;HD;22/04/1989;;01/05/2015
IVX131;IVX1311246;HD;13/03/1989;;01/05/2015
IVX315;IVX3151247;HD;23/12/2011;;23/12/2011
IVX194;IVX1941248;OL;06/02/2010;;06/02/2010
IVX345;IVX3451249;OL;09/01/2010;;09/01/2010
IVX315;IVX3151250;HD;30/09/2011;;30/09/2011
IVX315;IVX3151251;HD;02/07/2011;;02/07/2011
IVX315;IVX3151252;HD;29/04/2011;;29/04/2011
IVX194;IVX1941253;OL;06/02/2010;;06/02/2010
IVX348;IVX3481254;OL;20/05/2010;;20/05/2010
IVX194;IVX1941255;OL;06/02/2010;;06/02/2010
IVX261;IVX2611256;OD;06/07/2002;01/01/2005;
IVX261;IVX2611257;OD;06/07/2002;01/01/2005;
IVX261;IVX2611258;OD;06/07/2002;01/01/2005;
IVX261;IVX2611259;OD;06/07/2002;01/01/2005;
IVX261;IVX2611260;OD;06/07/2002;01/01/2005;
IVX282;IVX2821261;CV;01/03/1974;12/12/2018;01/01/1996
IVX282;IVX2821262;CV;01/01/1974;12/12/2018;01/01/1996
IVX280;IVX2801263;HD;01/03/1968;;01/01/1996
IVX108;IVX1081264;HD;01/01/1936;;01/01/1996
IVX108;IVX1081265;HD;01/02/1927;;01/01/1996
IVX108;IVX1081266;HD;01/04/1926;;01/01/1996
IVX252;IVX2521267;HD;27/07/2013;;28/08/2018
IVX252;IVX2521268;HD;14/06/2013;;28/08/2018
IVX194;IVX1941269;OL;06/02/2010;;06/02/2010
IVX344;IVX3441270;OD;01/01/2008;01/01/2013;
IVX163;IVX1631271;OD;21/04/2002;09/07/2004;
IVX163;IVX1631272;OD;21/04/2002;26/06/2003;
IVX220;IVX2201273;HD;14/09/2011;;14/09/2011
IVX55;IVX551274;HD;01/03/1980;;01/01/1996
IVX55;IVX551275;HD;01/02/1980;;01/01/1996
IVX45;IVX451276;OD;20/04/2002;26/06/2003;
IVX51;IVX511277;HD;01/02/1974;;01/01/1996
IVX167;IVX1671278;OD;26/05/2008;01/01/2013;
IVX167;IVX1671279;OD;26/05/2008;01/01/2013;
IVX166;IVX1661280;OD;01/01/2008;01/01/2013;
IVX241;IVX2411281;OD;18/06/2009;31/12/2023;18/06/2009
IVX241;IVX2411282;OD;18/06/2009;31/12/2023;18/06/2009
IVX241;IVX2411283;OD;18/06/2009;31/12/2023;18/06/2009
IVX267;IVX2671284;GS;10/09/2008;;10/09/2008
IVX85;IVX851285;CC;19/07/2007;;01/09/2007
IVX220;IVX2201286;HD;14/09/2011;;14/09/2011
IVX85;IVX851287;GS;19/07/2007;;01/08/2007
IVX166;IVX1661288;OD;01/01/2008;01/01/2013;
IVX166;IVX1661289;OD;01/01/2008;01/01/2013;
IVX166;IVX1661290;OD;01/01/2008;01/01/2013;
IVX169;IVX1691291;OD;01/01/2008;01/01/2013;
IVX169;IVX1691292;OD;01/01/2008;01/01/2013;
IVX169;IVX1691293;OD;01/01/2008;01/01/2013;
IVX169;IVX1691294;OD;01/01/2008;01/01/2013;
IVX169;IVX1691295;OD;01/01/2008;01/01/2013;
IVX169;IVX1691296;OD;01/01/2008;01/01/2013;
IVX106;IVX1061297;OD;01/01/2008;01/01/2013;
IVX106;IVX1061298;OD;01/01/2008;01/01/2013;
IVX106;IVX1061299;OD;01/01/2008;01/01/2013;
IVX106;IVX1061300;OD;01/01/2008;01/01/2013;
IVX166;IVX1661301;OD;01/01/2008;01/01/2013;
IVX163;IVX1631302;OD;21/04/2002;09/07/2004;
IVX220;IVX2201303;HD;14/09/2011;;14/09/2011
IVX167;IVX1671304;OD;26/05/2008;01/01/2013;
IVX163;IVX1631305;OD;21/04/2002;26/06/2003;
IVX162;IVX1621306;OD;22/04/2002;26/06/2003;
IVX162;IVX1621307;OD;22/04/2002;26/06/2003;
IVX162;IVX1621308;OD;22/04/2002;26/06/2003;
IVX162;IVX1621309;OD;22/04/2002;26/06/2003;
IVX159;IVX1591310;OD;22/04/2002;09/07/2004;
IVX159;IVX1591311;OD;22/04/2002;09/07/2004;
IVX159;IVX1591312;OD;22/04/2002;09/07/2004;
IVX159;IVX1591313;OD;22/04/2002;09/07/2004;
IVX159;IVX1591314;OD;22/04/2002;09/07/2004;
IVX159;IVX1591315;OD;22/04/2002;09/07/2004;
IVX46;IVX461316;OD;17/04/2002;26/06/2003;
IVX46;IVX461317;OD;17/04/2002;26/06/2003;
IVX167;IVX1671318;OD;26/05/2008;01/01/2013;
IVX46;IVX461319;OD;17/04/2002;26/06/2003;
IVX46;IVX461320;OD;17/04/2002;26/06/2003;
IVX46;IVX461321;OD;17/04/2002;26/06/2003;
IVX46;IVX461322;OD;17/04/2002;26/06/2003;
IVX46;IVX461323;OD;17/04/2002;26/06/2003;
IVX45;IVX451324;OD;20/04/2002;26/06/2003;
IVX45;IVX451325;OD;20/04/2002;26/06/2003;
IVX45;IVX451326;OD;20/04/2002;26/06/2003;
IVX45;IVX451327;OD;20/04/2002;26/06/2003;
IVX45;IVX451328;OD;20/04/2002;26/06/2003;
IVX45;IVX451329;OD;20/04/2002;26/06/2003;
IVX45;IVX451330;OD;20/04/2002;26/06/2003;
IVX167;IVX1671331;OD;26/05/2008;01/01/2013;
IVX167;IVX1671332;OD;26/05/2008;01/01/2013;
IVX46;IVX461333;OD;17/04/2002;26/06/2003;
IVX80;IVX801334;HD;01/04/2006;;01/04/2006
IVX113;IVX1131335;HD;01/01/1985;;01/01/1996
IVX254;IVX2541336;HD;16/09/1982;;01/01/1996
IVX341;IVX3411337;HD;26/04/2014;;26/04/2014
IVX341;IVX3411338;HD;08/03/2014;;08/03/2014
IVX246;IVX2461339;CC;09/09/2006;;09/09/2006
IVX75;IVX751340;HD;28/02/1988;;01/01/1996
IVX84;IVX841341;DO;01/01/2008;;01/01/2005
IVX84;IVX841342;DO;01/01/2008;;16/05/2008
IVX275;IVX2751343;HD;03/09/2009;;03/09/2009
IVX275;IVX2751344;HD;01/09/2009;;01/09/2009
IVX280;IVX2801345;HD;01/03/1962;;01/01/1996
IVX280;IVX2801346;HD;01/03/1962;;01/01/1996
IVX279;IVX2791347;HD;01/01/1979;;01/01/1996
IVX333;IVX3331348;HD;10/03/1977;;01/01/1996
IVX42;IVX421349;HD;15/05/1999;;15/05/1999
IVX341;IVX3411350;HD;03/06/2014;;03/06/2014
IVX42;IVX421351;HD;02/06/1999;;02/06/1999
IVX41;IVX411352;HD;11/07/1999;;01/07/1999
IVX41;IVX411353;HD;28/05/1999;;28/05/1999
IVX246;IVX2461354;GS;09/09/2006;;09/09/2006
IVX246;IVX2461355;GS;09/09/2006;;09/09/2006
IVX199;IVX1991356;GS;13/12/2013;;13/12/2013
IVX199;IVX1991357;GS;13/12/2013;;13/12/2013
IVX199;IVX1991358;GS;13/12/2013;;13/12/2013
IVX316;IVX3161359;HD;16/09/2006;;16/09/2006
IVX316;IVX3161360;HD;29/07/2006;;29/07/2006
IVX316;IVX3161361;HD;27/06/2006;;27/06/2006
IVX87;IVX871362;HD;07/11/2002;;07/11/2002
IVX87;IVX871363;HD;30/07/2002;;30/07/2002
IVX87;IVX871364;HD;09/05/2002;;09/05/2002
IVX42;IVX421365;HD;13/07/1999;;13/07/1999
IVX87;IVX871366;HD;01/03/2002;;01/03/2002
IVX230;IVX2301367;HD;12/01/2017;;12/01/2017
IVX340;IVX3401368;HD;19/05/2016;;19/05/2016
IVX185;IVX1851369;OD;16/07/2002;01/01/2006;
IVX185;IVX1851370;OD;16/07/2002;01/01/2006;
IVX185;IVX1851371;OD;16/07/2002;01/01/2006;
IVX340;IVX3401372;HD;03/01/2017;;03/01/2017
IVX340;IVX3401373;HD;03/01/2017;;03/01/2017
IVX340;IVX3401374;HD;03/01/2017;;03/01/2017
IVX340;IVX3401375;HD;03/01/2017;;03/01/2017
IVX332;IVX3321376;HD;20/11/2019;;20/11/2019
IVX332;IVX3321377;HD;19/10/2019;;19/10/2019
IVX332;IVX3321378;HD;25/09/2019;;25/09/2019
IVX332;IVX3321379;HD;21/08/2019;;21/08/2019
IVX332;IVX3321380;HD;06/06/2019;;06/06/2019
IVX332;IVX3321381;HD;01/05/2019;;01/05/2019
IVX340;IVX3401382;HD;14/04/2016;;14/04/2016
IVX332;IVX3321383;HD;06/12/2018;;06/12/2018
IVX332;IVX3321384;HD;05/10/2018;;05/10/2018
IVX332;IVX3321385;HD;13/06/2018;;13/06/2018
IVX332;IVX3321386;HD;01/02/2018;;01/02/2018
IVX332;IVX3321387;HD;28/10/2017;;28/10/2017
IVX332;IVX3321388;HD;19/07/2017;;19/07/2017
IVX332;IVX3321389;HD;20/04/2017;;20/04/2017
IVX332;IVX3321390;HD;18/01/2017;;18/01/2017
IVX332;IVX3321391;HD;02/11/2016;;02/11/2016
IVX332;IVX3321392;HD;16/07/2016;;16/07/2016
IVX332;IVX3321393;HD;20/04/2016;;20/04/2016
IVX217;IVX2171394;MS;30/06/2015;;01/01/2020
IVX340;IVX3401395;HD;29/06/2016;;29/06/2016
IVX340;IVX3401396;HD;18/06/2016;;18/06/2016
IVX332;IVX3321397;HD;28/11/2018;;28/11/2018
IVX340;IVX3401398;HD;03/01/2017;;03/01/2017
IVX56;IVX561399;HD;01/02/1960;;01/01/1996
IVX56;IVX561400;HD;01/02/1955;;01/01/1996
IVX185;IVX1851401;OD;16/07/2002;01/01/2006;
IVX185;IVX1851402;OD;16/07/2002;01/01/2006;
IVX185;IVX1851403;OD;16/07/2002;01/01/2006;
IVX185;IVX1851404;OD;16/07/2002;01/01/2006;
IVX39;IVX391405;HD;01/04/1956;;15/09/2022
IVX39;IVX391406;HD;01/04/1956;;15/09/2022
IVX185;IVX1851407;OD;16/07/2002;01/01/2006;
IVX185;IVX1851408;OD;16/07/2002;01/01/2006;
IVX185;IVX1851409;OD;16/07/2002;01/01/2006;
IVX230;IVX2301410;HD;08/06/2016;;08/06/2016
IVX230;IVX2301411;HD;28/04/2016;;28/04/2016
IVX116;IVX1161412;HD;31/03/1981;;01/01/1996
IVX116;IVX1161413;HD;30/04/1980;;01/01/1996
IVX185;IVX1851414;OD;16/07/2002;01/01/2006;
IVX116;IVX1161415;HD;28/02/1980;;01/01/1996
IVX62;IVX621416;HD;01/03/1973;;01/01/1996
IVX214;IVX2141417;HD;13/05/2010;;13/05/2010
IVX341;IVX3411418;HD;09/09/2016;;09/09/2016
IVX341;IVX3411419;HD;20/08/2016;;20/08/2016
IVX341;IVX3411420;HD;31/03/2016;;31/03/2016
IVX341;IVX3411421;HD;16/01/2016;;16/01/2016
IVX271;IVX2711422;OD;31/12/1990;30/01/2013;23/10/2009
IVX271;IVX2711423;OD;31/12/1990;30/01/2013;23/10/2009
IVX271;IVX2711424;OD;31/12/1990;30/01/2013;23/10/2009
IVX259;IVX2591425;GS;15/02/2002;;15/02/2002
IVX259;IVX2591426;GS;29/03/2002;;29/03/2002
IVX259;IVX2591427;GS;22/02/2002;;22/02/2002
IVX271;IVX2711428;OD;31/12/1990;30/01/2013;23/10/2009
IVX62;IVX621429;HD;01/03/1973;;01/01/1996
IVX56;IVX561430;HD;01/02/1955;;01/01/1996
IVX185;IVX1851431;OD;16/07/2002;01/01/2006;
IVX185;IVX1851432;OD;16/07/2002;01/01/2006;
IVX220;IVX2201433;HD;20/08/2011;;20/08/2011
IVX218;IVX2181434;GS;01/07/2002;20/02/2018;14/01/2013
IVX218;IVX2181435;GS;30/04/2002;20/02/2018;14/01/2013
IVX259;IVX2591436;GS;07/08/2002;;07/08/2002
IVX259;IVX2591437;GS;19/12/2001;;19/12/2001
IVX259;IVX2591438;GS;16/07/2002;;16/07/2002
IVX218;IVX2181439;GS;01/09/2001;20/02/2018;14/01/2013
IVX218;IVX2181440;GS;19/11/1999;20/02/2018;14/01/2013
IVX218;IVX2181441;GS;01/04/1999;20/02/2018;14/01/2013
IVX259;IVX2591442;GS;16/07/2002;;16/07/2002
IVX259;IVX2591443;GS;16/07/2002;;16/07/2002
IVX259;IVX2591444;GS;15/02/2002;;15/02/2002
IVX259;IVX2591445;GS;14/03/2002;;14/03/2002
IVX185;IVX1851446;OD;16/07/2002;01/01/2006;
IVX259;IVX2591447;GS;15/02/2002;;15/02/2002
IVX87;IVX871448;HD;01/12/2001;;01/12/2001
IVX314;IVX3141449;HD;01/04/1972;;01/01/1996
IVX314;IVX3141450;HD;01/02/1972;;01/01/1996
IVX185;IVX1851451;OD;16/07/2002;01/01/2006;
IVX185;IVX1851452;OD;16/07/2002;01/01/2006;
IVX185;IVX1851453;OD;16/07/2002;01/01/2006;
IVX185;IVX1851454;OD;16/07/2002;01/01/2006;
IVX185;IVX1851455;OD;16/07/2002;01/01/2006;
IVX185;IVX1851456;OD;16/07/2002;01/01/2006;
IVX230;IVX2301457;HD;06/01/2017;;06/01/2017
IVX230;IVX2301458;HD;04/11/2016;;04/11/2016
IVX230;IVX2301459;HD;05/08/2016;;05/08/2016
IVX185;IVX1851460;OD;16/07/2002;01/01/2006;
IVX259;IVX2591461;GS;15/02/2002;;15/02/2002
IVX113;IVX1131462;HD;01/02/1984;;01/01/1996
IVX340;IVX3401463;HD;03/01/2017;;03/01/2017
IVX341;IVX3411464;HD;06/01/2016;;06/01/2016
IVX333;IVX3331465;HD;10/03/1979;;01/01/1996
IVX333;IVX3331466;HD;18/05/1978;;01/01/1996
IVX333;IVX3331467;HD;31/08/1977;;01/01/1996
IVX345;IVX3451468;OL;09/01/2010;;09/01/2010
IVX345;IVX3451469;OL;09/01/2010;;09/01/2010
IVX345;IVX3451470;OL;09/01/2010;;09/01/2010
IVX175;IVX1751471;OD;06/06/2002;01/01/2006;
IVX204;IVX2041472;OD;13/07/2002;01/01/2005;
IVX204;IVX2041473;OD;13/07/2002;01/01/2005;
IVX204;IVX2041474;OD;13/07/2002;01/01/2005;
IVX204;IVX2041475;OD;13/07/2002;01/01/2005;
IVX145;IVX1451476;OD;28/06/2002;01/01/2005;
IVX145;IVX1451477;OD;28/06/2002;01/01/2005;
IVX47;IVX471478;DO;16/07/2002;01/01/2006;
IVX145;IVX1451479;OD;28/06/2002;01/01/2005;
IVX145;IVX1451480;OD;28/06/2002;01/01/2005;
IVX145;IVX1451481;OD;28/06/2002;01/01/2005;
IVX145;IVX1451482;OD;28/06/2002;01/01/2005;
IVX145;IVX1451483;OD;28/06/2002;01/01/2005;
IVX86;IVX861484;OD;29/06/2002;01/01/2005;
IVX296;IVX2961485;OD;23/06/2002;01/01/2005;
IVX129;IVX1291486;OD;26/06/2002;01/01/2005;
IVX129;IVX1291487;OD;26/06/2002;01/01/2005;
IVX128;IVX1281488;OD;09/06/2002;01/01/2005;
IVX261;IVX2611489;OD;06/07/2002;01/01/2005;
IVX261;IVX2611490;OD;06/07/2002;01/01/2005;
IVX261;IVX2611491;OD;06/07/2002;01/01/2005;
IVX261;IVX2611492;OD;06/07/2002;01/01/2005;
IVX145;IVX1451493;OD;28/06/2002;01/01/2005;
IVX261;IVX2611494;OD;06/07/2002;01/01/2005;
IVX47;IVX471495;DO;16/07/2002;01/01/2006;
IVX47;IVX471496;DO;16/07/2002;01/01/2006;
IVX262;IVX2621497;OD;21/07/2002;01/01/2006;
IVX262;IVX2621498;OD;21/07/2002;01/01/2006;
IVX262;IVX2621499;OD;21/07/2002;01/01/2006;
IVX262;IVX2621500;OD;21/07/2002;01/01/2006;
IVX127;IVX1271501;OD;05/08/2002;01/01/2006;
IVX127;IVX1271502;OD;05/08/2002;01/01/2006;
IVX127;IVX1271503;OD;05/08/2002;01/01/2006;
IVX127;IVX1271504;OD;05/08/2002;01/01/2006;
IVX127;IVX1271505;OD;05/08/2002;01/01/2006;
IVX127;IVX1271506;OD;05/08/2002;01/01/2006;
IVX127;IVX1271507;OD;05/08/2002;01/01/2006;
IVX127;IVX1271508;OD;05/08/2002;01/01/2006;
IVX127;IVX1271509;OD;05/08/2002;01/01/2006;
IVX47;IVX471510;DO;16/07/2002;01/01/2006;
IVX127;IVX1271511;OD;05/08/2002;01/01/2006;
IVX127;IVX1271512;OD;05/08/2002;01/01/2006;
IVX238;IVX2381513;OD;15/03/2002;01/01/2006;
IVX238;IVX2381514;OD;15/03/2002;01/01/2006;
IVX302;IVX3021515;HD;01/01/1970;;01/01/1996
IVX302;IVX3021516;HD;01/03/1970;;01/01/1996
IVX302;IVX3021517;HD;01/04/1969;;01/01/1996
IVX147;IVX1471518;OD;21/06/2002;01/01/2006;
IVX147;IVX1471519;OD;21/06/2002;01/01/2006;
IVX147;IVX1471520;OD;21/06/2002;01/01/2006;
IVX295;IVX2951521;OD;08/08/2002;01/01/2006;
IVX295;IVX2951522;OD;08/08/2002;01/01/2006;
IVX295;IVX2951523;OD;08/08/2002;01/01/2006;
IVX295;IVX2951524;OD;08/08/2002;01/01/2006;
IVX127;IVX1271525;OD;05/08/2002;01/01/2006;
IVX341;IVX3411526;HD;06/01/2016;;06/01/2016
IVX56;IVX561527;HD;01/03/1959;;01/01/1996
IVX250;IVX2501528;HD;10/04/2019;;10/04/2019
IVX159;IVX1591529;OD;22/04/2002;09/07/2004;
IVX46;IVX461530;OD;17/04/2002;26/06/2003;
IVX45;IVX451531;OD;20/04/2002;26/06/2003;
IVX45;IVX451532;OD;20/04/2002;26/06/2003;
IVX167;IVX1671533;OD;26/05/2008;01/01/2013;
IVX166;IVX1661534;OD;01/01/2008;01/01/2013;
IVX106;IVX1061535;OD;01/01/2008;01/01/2013;
IVX344;IVX3441536;OD;01/01/2008;01/01/2013;
IVX38;IVX381537;OD;01/01/2008;01/01/2013;
IVX168;IVX1681538;OD;01/01/2008;01/01/2013;
IVX343;IVX3431539;OD;26/05/2008;01/01/2013;
IVX245;IVX2451540;OD;01/01/2008;01/01/2013;
IVX341;IVX3411541;HD;04/03/2015;;04/03/2015
IVX162;IVX1621542;OD;22/04/2002;26/06/2003;
IVX341;IVX3411543;HD;04/03/2015;;04/03/2015
IVX78;IVX781544;OD;26/05/2008;01/01/2013;
IVX261;IVX2611545;OD;06/07/2002;01/01/2005;
IVX165;IVX1651546;OD;22/04/2002;09/07/2004;
IVX341;IVX3411547;HD;22/02/2014;;22/02/2014
IVX341;IVX3411548;HD;03/02/2015;;03/02/2015
IVX341;IVX3411549;HD;06/09/2013;;06/09/2013
IVX51;IVX511550;HD;01/03/1963;;01/01/1996
IVX62;IVX621551;HD;01/01/1974;;01/01/1996
IVX62;IVX621552;HD;01/04/1973;;20/01/1996
IVX185;IVX1851553;OD;16/07/2002;01/01/2006;
IVX185;IVX1851554;OD;16/07/2002;01/01/2006;
IVX185;IVX1851555;OD;16/07/2002;01/01/2006;
IVX341;IVX3411556;HD;06/01/2016;;06/01/2016
IVX341;IVX3411557;HD;21/10/2015;;21/10/2015
IVX261;IVX2611558;OD;06/07/2002;01/01/2005;
IVX163;IVX1631559;OD;21/04/2002;09/07/2004;
IVX164;IVX1641560;OD;23/04/2002;09/07/2004;
IVX250;IVX2501561;HD;08/02/2019;;08/02/2019
IVX250;IVX2501562;HD;21/02/2019;;21/02/2019
IVX293;IVX2931563;HD;29/07/2022;;01/08/2022
IVX293;IVX2931564;HD;19/09/2022;;19/09/2022
IVX293;IVX2931565;HD;21/07/2022;;21/07/2022
IVX222;IVX2221566;HD;17/09/2019;;17/09/2019
IVX222;IVX2221567;HD;18/10/2019;;18/10/2019
IVX227;IVX2271568;HD;26/04/2018;;26/04/2018
IVX227;IVX2271569;HD;02/03/2018;;02/03/2018
IVX227;IVX2271570;HD;19/01/2018;;19/01/2018
IVX227;IVX2271571;HD;28/12/2017;;28/12/2017
IVX219;IVX2191572;HD;21/12/2019;;21/12/2019
IVX219;IVX2191573;HD;07/05/2019;;07/05/2019
IVX161;IVX1611574;OD;21/04/2002;09/07/2004;
IVX219;IVX2191575;HD;09/03/2019;;09/03/2019
IVX226;IVX2261576;HD;17/09/2016;;15/09/2022
IVX226;IVX2261577;HD;17/09/2016;;15/09/2022
IVX341;IVX3411578;HD;15/11/2016;;15/11/2016
IVX341;IVX3411579;HD;23/11/2016;;23/11/2016
IVX341;IVX3411580;HD;23/11/2016;;23/11/2016
IVX341;IVX3411581;HD;23/11/2016;;23/11/2016
IVX341;IVX3411582;HD;23/11/2016;;23/11/2016
IVX341;IVX3411583;HD;16/09/2016;;16/09/2016
IVX327;IVX3271584;GS;22/12/2018;;22/12/2018
IVX327;IVX3271585;GS;17/11/2018;;17/11/2018
IVX327;IVX3271586;GS;19/09/2017;;19/09/2017
IVX261;IVX2611587;OD;06/07/2002;01/01/2005;
IVX160;IVX1601588;OD;28/05/2002;09/07/2004;
IVX226;IVX2261589;HD;17/09/2016;;15/09/2022
IVX187;IVX1871591;HD;31/01/1959;;01/01/1996
IVX267;IVX2671592;GS;13/09/2008;;13/09/2008
IVX231;IVX2311593;OL;08/02/2011;;08/02/2011
IVX231;IVX2311594;OL;08/02/2011;;08/02/2011
IVX91;IVX911595;HD;28/02/1987;;01/01/1996
IVX204;IVX2041596;OD;13/07/2002;01/01/2005;
IVX204;IVX2041597;OD;13/07/2002;01/01/2005;
IVX204;IVX2041598;OD;13/07/2002;01/01/2005;
IVX204;IVX2041599;OD;13/07/2002;01/01/2005;
IVX204;IVX2041600;OD;13/07/2002;01/01/2005;
IVX204;IVX2041601;OD;13/07/2002;01/01/2005;
IVX204;IVX2041602;OD;13/07/2002;01/01/2005;
IVX204;IVX2041603;OD;13/07/2002;01/01/2005;
IVX204;IVX2041604;OD;13/07/2002;01/01/2005;
IVX204;IVX2041605;OD;13/07/2002;01/01/2005;
IVX341;IVX3411606;HD;06/02/2015;;06/02/2015
IVX204;IVX2041607;OD;13/07/2002;01/01/2005;
IVX145;IVX1451608;OD;28/06/2002;01/01/2005;
IVX145;IVX1451609;OD;28/06/2002;01/01/2005;
IVX145;IVX1451610;OD;28/06/2002;01/01/2005;
IVX145;IVX1451611;OD;28/06/2002;01/01/2005;
IVX145;IVX1451612;OD;28/06/2002;01/01/2005;
IVX145;IVX1451613;OD;28/06/2002;01/01/2005;
IVX146;IVX1461614;HD;28/02/1977;;01/01/1996
IVX146;IVX1461615;HD;28/02/1977;;01/01/1996
IVX143;IVX1431616;HD;31/12/2014;;31/12/2014
IVX143;IVX1431617;HD;14/11/2014;;14/11/2014
IVX143;IVX1431618;HD;17/09/2014;;17/09/2014
IVX142;IVX1421619;DO;01/01/1993;17/04/2018;01/08/2015
IVX91;IVX911620;HD;10/11/1984;;01/01/1996
IVX145;IVX1451621;OD;28/06/2002;01/01/2005;
IVX229;IVX2291622;HD;10/09/1985;;01/01/2001
IVX341;IVX3411623;HD;04/03/2015;;04/03/2015
IVX289;IVX2891624;HD;13/12/2013;;13/12/2013
IVX153;IVX1531625;HD;31/01/1982;;01/01/1996
IVX152;IVX1521626;HD;16/03/2003;;16/03/2003
IVX152;IVX1521627;HD;12/06/2003;;12/06/2003
IVX152;IVX1521628;HD;05/02/2003;;05/02/2003
IVX146;IVX1461629;HD;28/02/1977;;01/01/1996
IVX146;IVX1461630;HD;28/02/1977;;01/01/1996
IVX341;IVX3411631;HD;08/03/2014;;08/03/2014
IVX341;IVX3411632;HD;04/09/2014;;04/09/2014
IVX341;IVX3411633;HD;25/11/2014;;25/11/2014
IVX82;IVX821634;HD;01/07/2000;;01/07/2000
IVX273;IVX2731635;HD;14/10/2010;;14/10/2010
IVX291;IVX2911636;HD;09/05/2007;;09/05/2007
IVX66;IVX661637;CV;30/11/1974;05/04/2022;01/01/1996
IVX341;IVX3411638;HD;19/02/2014;;19/02/2014
IVX66;IVX661639;CV;08/04/1963;05/04/2022;01/01/1996
IVX245;IVX2451640;OD;01/01/2008;09/08/2022;01/01/2013
IVX244;IVX2441641;OD;01/01/2008;09/08/2022;01/01/2013
IVX343;IVX3431642;OD;01/01/2008;09/08/2022;01/01/2013
IVX231;IVX2311643;OL;08/02/2011;;08/02/2011
IVX231;IVX2311644;OL;08/02/2011;;08/02/2011
IVX204;IVX2041645;OD;13/07/2002;01/01/2005;
IVX204;IVX2041646;OD;13/07/2002;01/01/2005;
IVX204;IVX2041647;OD;13/07/2002;01/01/2005;
IVX291;IVX2911648;HD;17/02/2007;;17/02/2007
IVX291;IVX2911649;HD;03/02/2007;;03/02/2007
IVX290;IVX2901650;HD;01/05/2006;;01/05/2006
IVX290;IVX2901651;HD;02/02/2006;;02/02/2006
IVX290;IVX2901652;HD;01/11/2005;;01/11/2005
IVX78;IVX781653;OD;01/01/2008;09/08/2022;01/01/2013
IVX82;IVX821654;HD;28/08/2000;;28/08/2000
IVX289;IVX2891655;HD;23/10/2013;;23/10/2013
IVX288;IVX2881656;CC;13/12/2000;;13/12/2000
IVX81;IVX811657;HD;31/01/1990;;01/01/1996
IVX81;IVX811658;HD;31/01/1970;;01/01/1996
IVX81;IVX811659;HD;28/02/1970;;01/01/1996
IVX125;IVX1251660;OL;01/01/1973;;01/01/1996
IVX125;IVX1251661;GS;24/09/2004;;27/04/2010
IVX125;IVX1251662;OL;01/01/1968;;01/01/1996
IVX286;IVX2861663;CV;01/03/1969;01/01/2017;01/01/1996
IVX286;IVX2861664;CV;04/01/1962;01/01/2017;01/01/1996
IVX286;IVX2861665;CV;04/01/1962;01/01/2017;01/01/1996
IVX286;IVX2861666;CV;04/01/1962;01/01/2017;01/01/1996
IVX126;IVX1261667;CC;14/03/2015;;14/03/2015
IVX126;IVX1261668;GD;12/02/2003;;12/02/2003
IVX285;IVX2851669;OL;03/09/1968;05/03/2014;01/01/1996
IVX81;IVX811670;HD;31/03/1991;;01/01/1996
IVX285;IVX2851671;OL;17/09/1968;05/03/2014;01/01/1996
IVX315;IVX3151672;HD;21/03/2013;;21/03/2013
IVX145;IVX1451673;OD;28/06/2002;01/01/2005;
IVX145;IVX1451674;OD;28/06/2002;01/01/2005;
IVX145;IVX1451675;OD;28/06/2002;01/01/2005;
IVX183;IVX1831676;HD;02/12/2010;;02/12/2010
IVX183;IVX1831677;HD;05/08/2010;;05/08/2010
IVX340;IVX3401678;HD;27/02/2016;;27/02/2016
IVX340;IVX3401679;HD;01/04/2016;;01/04/2016
IVX71;IVX711680;HD;01/04/2001;;01/04/2001
IVX139;IVX1391681;GS;31/12/1990;;
IVX309;IVX3091682;HD;29/01/2000;;29/01/2000
IVX309;IVX3091683;HD;29/03/1999;;29/03/1999
IVX309;IVX3091684;HD;21/03/1999;;21/03/1999
IVX131;IVX1311685;HD;24/07/1990;;01/05/2015
IVX289;IVX2891686;HD;24/09/2013;;24/09/2013
IVX68;IVX681687;HD;23/06/2006;;23/06/2006
IVX247;IVX2471688;HD;01/10/1980;;01/01/1996
IVX288;IVX2881689;GS;13/12/2000;;13/12/2000
IVX288;IVX2881690;GS;13/12/2000;;13/12/2000
IVX287;IVX2871691;CV;01/01/2011;;01/01/2011
IVX142;IVX1421692;DO;01/01/1993;17/04/2018;01/08/2015
IVX142;IVX1421693;DO;01/01/1993;17/04/2018;01/08/2015
IVX142;IVX1421694;DO;01/01/1993;23/05/2019;01/08/2015
IVX141;IVX1411695;DO;01/01/1993;17/04/2018;01/08/2015
IVX141;IVX1411696;DO;01/01/1993;17/04/2018;01/08/2015
IVX141;IVX1411697;DO;01/01/1993;23/05/2019;01/08/2015
IVX336;IVX3361698;HD;30/04/2015;;30/04/2015
IVX336;IVX3361699;HD;17/12/2014;;17/12/2014
IVX336;IVX3361700;HD;04/11/2014;;04/11/2014
IVX229;IVX2291701;HD;21/08/1977;;01/01/2001
IVX68;IVX681702;HD;04/08/2006;;04/08/2006
IVX229;IVX2291703;HD;27/07/1977;;01/01/2001
IVX202;IVX2021704;HD;30/03/2006;;30/03/2006
IVX202;IVX2021705;HD;21/02/2006;;21/02/2006
IVX331;IVX3311706;HD;30/07/2005;;30/07/2005
IVX331;IVX3311707;HD;31/08/2005;;31/08/2005
IVX331;IVX3311708;HD;01/11/2005;;01/11/2005
IVX140;IVX1401709;HD;31/12/1990;;01/08/2015
IVX140;IVX1401710;HD;23/09/2004;;01/08/2015
IVX140;IVX1401711;HD;25/07/2006;;01/08/2015
IVX248;IVX2481712;HD;24/06/1972;;01/01/1996
IVX248;IVX2481713;HD;03/09/1971;;01/01/1996
IVX247;IVX2471714;HD;08/10/1982;;01/01/1996
IVX247;IVX2471715;HD;15/07/1981;;01/01/1996
IVX247;IVX2471716;HD;16/01/1981;;01/01/1996
IVX202;IVX2021717;HD;16/05/2006;;16/05/2006
IVX309;IVX3091718;HD;15/10/2003;;15/10/2003
IVX82;IVX821719;HD;02/11/2000;;02/11/2000
IVX281;IVX2811720;OL;04/03/1969;12/12/2018;01/01/1996
IVX346;IVX3461721;OD;03/03/2009;;03/03/2009
IVX268;IVX2681722;OD;03/03/2009;;03/03/2009
IVX190;IVX1901723;HD;07/08/2010;;10/08/2010
IVX190;IVX1901724;HD;13/07/2010;;13/07/2010
IVX67;IVX671725;HD;25/09/2002;;25/09/2002
IVX90;IVX901726;HD;30/04/2002;;30/04/2002
IVX90;IVX901727;HD;16/02/2002;;16/02/2002
IVX82;IVX821728;HD;08/03/2001;;08/03/2001
IVX301;IVX3011729;HD;01/04/1978;;01/01/1996
IVX301;IVX3011730;HD;01/03/1973;;01/01/1996
IVX301;IVX3011731;HD;01/04/1978;;01/01/1996
IVX301;IVX3011732;HD;01/03/1978;;01/01/1996
IVX301;IVX3011733;HD;01/02/1975;;01/01/1996
IVX346;IVX3461734;OD;03/03/2009;;03/03/2009
IVX301;IVX3011735;HD;01/01/1977;;01/01/1996
IVX309;IVX3091736;HD;09/04/2001;;09/04/2001
IVX309;IVX3091737;HD;22/12/2000;;22/12/2000
IVX301;IVX3011738;HD;01/02/1977;;01/01/1996
IVX301;IVX3011739;HD;01/04/1975;;01/01/1996
IVX301;IVX3011740;HD;01/01/1976;;01/01/1996
IVX134;IVX1341741;GS;09/07/2013;;
IVX134;IVX1341742;GS;09/07/2013;;
IVX134;IVX1341743;GS;09/07/2013;;
IVX257;IVX2571744;HD;05/06/2013;;05/06/2013
IVX257;IVX2571745;HD;05/06/2013;;05/06/2013
IVX125;IVX1251746;OL;01/03/1973;;01/01/1996
IVX309;IVX3091747;HD;26/09/2000;;26/09/2000
IVX309;IVX3091748;HD;14/07/2000;;14/07/2000
IVX310;IVX3101749;HD;01/03/1975;;01/01/1996
IVX309;IVX3091750;HD;19/04/2000;;19/04/2000
IVX97;IVX971751;MS;13/03/2019;;13/03/2019
IVX118;IVX1181752;HD;25/05/2010;;25/05/2010
IVX47;IVX471753;DO;16/07/2002;01/01/2006;
IVX47;IVX471754;DO;16/07/2002;01/01/2006;
IVX98;IVX981758;GS;21/03/2020;;21/03/2020
IVX98;IVX981759;GS;21/03/2020;;21/03/2020
IVX98;IVX981760;GS;21/03/2020;;21/03/2020
IVX98;IVX981761;GS;21/03/2020;;21/03/2020
IVX311;IVX3111765;HD;11/06/1987;;01/01/1996
IVX349;IVX3491766;CV;28/06/2019;;28/06/2019
IVX310;IVX3101767;HD;01/02/1977;;01/01/1996
IVX175;IVX1751768;OD;06/06/2002;01/01/2006;
IVX175;IVX1751769;OD;06/06/2002;01/01/2006;
IVX175;IVX1751770;OD;06/06/2002;01/01/2006;
IVX346;IVX3461771;OD;03/03/2009;;03/03/2009
IVX346;IVX3461772;OD;03/03/2009;;03/03/2009
IVX175;IVX1751773;OD;06/06/2002;01/01/2006;
IVX175;IVX1751774;OD;06/06/2002;01/01/2006;
IVX175;IVX1751775;OD;06/06/2002;01/01/2006;
IVX175;IVX1751776;OD;06/06/2002;01/01/2006;
IVX175;IVX1751777;OD;06/06/2002;01/01/2006;
IVX175;IVX1751778;OD;06/06/2002;01/01/2006;
IVX192;IVX1921779;HD;30/04/1997;;30/04/1997
IVX118;IVX1181780;HD;28/08/2010;;28/08/2010
IVX310;IVX3101781;HD;01/04/1975;;01/01/1996
IVX82;IVX821782;HD;23/12/2000;;23/12/2000
IVX175;IVX1751783;OD;06/06/2002;01/01/2006;
IVX175;IVX1751784;OD;06/06/2002;01/01/2006;
IVX204;IVX2041785;OD;13/07/2002;01/01/2005;
IVX204;IVX2041786;OD;13/07/2002;01/01/2005;
IVX204;IVX2041787;OD;13/07/2002;01/01/2005;
IVX204;IVX2041788;OD;13/07/2002;01/01/2005;
IVX204;IVX2041789;OD;13/07/2002;01/01/2005;
IVX204;IVX2041790;OD;13/07/2002;01/01/2005;
IVX204;IVX2041791;OD;13/07/2002;01/01/2005;
IVX204;IVX2041792;OD;13/07/2002;01/01/2005;
IVX204;IVX2041793;OD;13/07/2002;01/01/2005;
IVX204;IVX2041794;OD;13/07/2002;01/01/2005;
IVX204;IVX2041795;OD;13/07/2002;01/01/2005;
IVX204;IVX2041796;OD;13/07/2002;01/01/2005;
IVX139;IVX1391797;GS;31/12/1990;;
IVX105;IVX1051798;GS;07/07/1977;;01/01/1996
IVX139;IVX1391799;GS;31/12/1990;;
IVX283;IVX2831800;CV;01/01/1997;12/12/2018;01/01/1997
IVX106;IVX1061801;OD;01/01/2008;09/08/2022;01/01/2013
IVX344;IVX3441802;OD;01/01/2008;09/08/2022;01/01/2013
IVX156;IVX1561803;GS;13/10/2003;16/03/2021;13/10/2003
IVX92;IVX921804;GD;31/03/2003;05/10/2018;31/03/2003
IVX92;IVX921805;GD;06/06/2003;05/10/2018;06/06/2003
IVX155;IVX1551806;MS;31/10/2014;;01/01/2021
IVX36;IVX361807;OL;21/08/2002;;01/09/2013
IVX325;IVX3251808;MS;26/11/2010;;
IVX143;IVX1431809;HD;19/12/2014;;19/12/2014
IVX133;IVX1331810;GS;15/12/2006;;
IVX283;IVX2831811;CV;01/01/1997;12/12/2018;01/09/1998
IVX283;IVX2831812;CV;01/01/1997;12/12/2018;01/01/1998
IVX139;IVX1391813;GS;31/12/1990;;
IVX175;IVX1751814;OD;06/06/2002;01/01/2006;
IVX204;IVX2041815;OD;13/07/2002;01/01/2005;
IVX105;IVX1051816;OL;01/03/2003;01/03/2003;
IVX235;IVX2351817;OD;15/03/2002;01/01/2006;
IVX235;IVX2351818;OD;15/03/2002;01/01/2006;
IVX235;IVX2351819;OD;15/03/2002;01/01/2006;
IVX134;IVX1341820;GS;09/07/2013;;
IVX134;IVX1341821;GS;09/07/2013;;
IVX139;IVX1391822;GS;31/12/1990;;
IVX67;IVX671823;HD;14/08/2002;;14/08/2002
IVX67;IVX671824;HD;22/05/2002;;22/05/2002
IVX188;IVX1881825;HD;29/07/2010;;29/07/2010
IVX195;IVX1951826;CC;01/07/2016;;01/07/2016
IVX195;IVX1951827;GS;01/07/2016;;01/07/2016
IVX195;IVX1951828;GS;01/07/2016;;01/07/2016
IVX169;IVX1691829;OD;01/01/2008;09/08/2022;01/01/2013
IVX74;IVX741830;DO;29/10/2002;01/01/2005;
IVX168;IVX1681831;OD;01/01/2008;09/08/2022;01/01/2013
IVX341;IVX3411832;HD;11/06/2015;;11/06/2015
IVX341;IVX3411833;HD;25/06/2015;;25/06/2015
IVX38;IVX381834;OD;01/01/2008;09/08/2022;01/01/2013
IVX167;IVX1671835;OD;01/01/2008;09/08/2022;01/01/2013
IVX166;IVX1661836;OD;01/01/2008;09/08/2022;01/01/2013
IVX158;IVX1581837;DO;20/11/2002;01/07/2005;01/01/2005
IVX158;IVX1581838;DO;20/11/2002;01/07/2005;01/01/2005
IVX158;IVX1581839;DO;20/11/2002;01/07/2005;01/01/2005
IVX158;IVX1581840;DO;20/11/2002;01/07/2005;01/01/2005
IVX158;IVX1581841;DO;20/11/2002;01/07/2005;01/01/2005
IVX158;IVX1581842;DO;20/11/2002;01/07/2005;01/01/2005
IVX158;IVX1581843;DO;20/11/2002;01/07/2005;01/01/2005
IVX158;IVX1581844;DO;20/11/2002;01/07/2005;01/01/2005
IVX105;IVX1051845;GS;07/07/1977;;01/01/1996
IVX187;IVX1871846;HD;31/01/1994;;01/01/1996
IVX309;IVX3091847;HD;30/10/2002;;30/10/2002
IVX309;IVX3091848;HD;10/10/2001;;10/10/2001
IVX86;IVX861849;OD;29/06/2002;01/01/2005;
IVX296;IVX2961850;OD;23/06/2002;01/01/2005;
IVX296;IVX2961851;OD;23/06/2002;01/01/2005;
IVX296;IVX2961852;OD;23/06/2002;01/01/2005;
IVX296;IVX2961853;OD;23/06/2002;01/01/2005;
IVX296;IVX2961854;OD;23/06/2002;01/01/2005;
IVX296;IVX2961855;OD;23/06/2002;01/01/2005;
IVX296;IVX2961856;OD;23/06/2002;01/01/2005;
IVX296;IVX2961857;OD;23/06/2002;01/01/2005;
IVX129;IVX1291858;OD;26/06/2002;01/01/2005;
IVX86;IVX861859;OD;29/06/2002;01/01/2005;
IVX86;IVX861860;OD;29/06/2002;01/01/2005;
IVX86;IVX861861;OD;29/06/2002;01/01/2005;
IVX86;IVX861862;OD;29/06/2002;01/01/2005;
IVX86;IVX861863;OD;29/06/2002;01/01/2005;
IVX129;IVX1291864;OD;26/06/2002;01/01/2005;
IVX129;IVX1291865;OD;26/06/2002;01/01/2005;
IVX129;IVX1291866;OD;26/06/2002;01/01/2005;
IVX306;IVX3061867;CC;02/01/1961;;11/07/2009
IVX306;IVX3061868;GS;01/01/1960;;01/01/1996
IVX306;IVX3061869;GS;01/03/1954;;01/01/1996
IVX129;IVX1291870;OD;26/06/2002;01/01/2005;
IVX128;IVX1281871;OD;09/06/2002;01/01/2005;
IVX128;IVX1281872;OD;09/06/2002;01/01/2005;
IVX128;IVX1281873;OD;09/06/2002;01/01/2005;
IVX128;IVX1281874;OD;09/06/2002;01/01/2005;
IVX128;IVX1281875;OD;09/06/2002;01/01/2005;
IVX128;IVX1281876;OD;09/06/2002;01/01/2005;
IVX86;IVX861877;OD;29/06/2002;01/01/2005;
IVX57;IVX571878;GS;16/10/2018;;16/10/2018
IVX86;IVX861879;OD;29/06/2002;01/01/2005;
IVX86;IVX861880;OD;29/06/2002;01/01/2005;
IVX145;IVX1451881;OD;28/06/2002;01/01/2005;
IVX145;IVX1451882;OD;28/06/2002;01/01/2005;
IVX94;IVX941883;CC;15/05/2004;;15/05/2004
IVX94;IVX941884;GS;15/05/2004;;15/05/2004
IVX94;IVX941885;GS;15/05/2004;;15/05/2004
IVX241;IVX2411886;OD;18/06/2009;31/12/2023;18/06/2009
IVX241;IVX2411887;OD;18/06/2009;31/12/2023;18/06/2009
IVX241;IVX2411888;OD;18/06/2009;31/12/2023;18/06/2009
IVX188;IVX1881889;HD;19/06/2010;;19/06/2010
IVX189;IVX1891890;HD;07/09/2006;;07/09/2006
IVX189;IVX1891891;HD;07/09/2006;;07/09/2006
IVX189;IVX1891892;HD;07/09/2006;;07/09/2006
IVX187;IVX1871893;HD;30/04/1993;;01/01/1996
IVX86;IVX861894;OD;29/06/2002;01/01/2005;
IVX187;IVX1871895;HD;31/03/1976;;01/01/1996
IVX187;IVX1871896;HD;30/04/1975;;01/01/1996
IVX187;IVX1871897;HD;31/01/1972;;01/01/1996
IVX145;IVX1451898;OD;28/06/2002;01/01/2005;
IVX145;IVX1451899;OD;28/06/2002;01/01/2005;
IVX145;IVX1451900;OD;28/06/2002;01/01/2005;
IVX145;IVX1451901;OD;28/06/2002;01/01/2005;
IVX145;IVX1451902;OD;28/06/2002;01/01/2005;
IVX145;IVX1451903;OD;28/06/2002;01/01/2005;
IVX145;IVX1451904;OD;28/06/2002;01/01/2005;
IVX145;IVX1451905;OD;28/06/2002;01/01/2005;
IVX145;IVX1451906;OD;28/06/2002;01/01/2005;
IVX145;IVX1451907;OD;01/01/2008;15/02/2011;01/01/2008
IVX86;IVX861908;OD;29/06/2002;01/01/2005;
IVX187;IVX1871909;HD;28/02/1977;;01/01/1996
IVX145;IVX1451910;OD;28/06/2002;01/01/2005;
IVX57;IVX571911;GS;16/10/2018;;16/10/2018
IVX261;IVX2611912;OD;06/07/2002;01/01/2005;
IVX187;IVX1871913;HD;30/04/1959;;01/01/1996
IVX281;IVX2811914;OL;01/10/1968;12/12/2018;01/01/1996
IVX281;IVX2811915;OL;13/05/1968;12/12/2018;01/01/1996
IVX261;IVX2611916;OD;06/07/2002;01/01/2005;
IVX261;IVX2611917;OD;06/07/2002;01/01/2005;
IVX261;IVX2611918;OD;06/07/2002;01/01/2005;
IVX261;IVX2611919;OD;06/07/2002;01/01/2005;
IVX261;IVX2611920;OD;06/07/2002;01/01/2005;
IVX261;IVX2611921;OD;06/07/2002;01/01/2005;
IVX261;IVX2611922;OD;06/07/2002;01/01/2005;
IVX261;IVX2611923;OD;06/07/2002;01/01/2005;
IVX261;IVX2611924;OD;06/07/2002;01/01/2005;
IVX261;IVX2611925;OD;06/07/2002;01/01/2005;
IVX187;IVX1871926;HD;31/01/1968;;01/01/1996
IVX261;IVX2611927;OD;06/07/2002;01/01/2005;
IVX268;IVX2681928;OD;03/03/2009;;03/03/2009
IVX268;IVX2681929;OD;03/03/2009;;03/03/2009
IVX268;IVX2681930;OD;03/03/2009;;03/03/2009
IVX261;IVX2611931;OD;06/07/2002;01/01/2005;
IVX261;IVX2611932;OD;06/07/2002;01/01/2005;
IVX261;IVX2611933;OD;06/07/2002;01/01/2005;
IVX261;IVX2611934;OD;06/07/2002;01/01/2005;
IVX261;IVX2611935;OD;06/07/2002;01/01/2005;
IVX43;IVX431936;GS;17/11/2009;;17/11/2009
IVX335;IVX3351937;HD;01/01/1980;;01/01/1996
IVX335;IVX3351938;HD;01/01/1980;;01/01/1996
IVX268;IVX2681939;OD;03/03/2009;;03/03/2009
IVX268;IVX2681940;OD;03/03/2009;;03/03/2009
IVX261;IVX2611941;OD;06/07/2002;01/01/2005;
IVX57;IVX571942;GS;16/10/2018;;16/10/2018
IVX187;IVX1871943;HD;31/01/1968;;01/01/1996
IVX113;IVX1131944;HD;01/09/2006;;01/09/2006
IVX261;IVX2611945;OD;06/07/2002;01/01/2005;
IVX261;IVX2611946;OD;06/07/2002;01/01/2005;
IVX261;IVX2611947;OD;06/07/2002;01/01/2005;
IVX261;IVX2611948;OD;06/07/2002;01/01/2005;
IVX261;IVX2611949;OD;06/07/2002;01/01/2005;
IVX261;IVX2611950;OD;06/07/2002;01/01/2005;
IVX261;IVX2611951;OD;06/07/2002;01/01/2005;
IVX261;IVX2611952;OD;06/07/2002;01/01/2005;
IVX261;IVX2611953;OD;06/07/2002;01/01/2005;
IVX261;IVX2611954;OD;06/07/2002;01/01/2005;
IVX284;IVX2841955;HD;04/06/2011;;04/06/2011
IVX284;IVX2841956;HD;29/03/2011;;29/03/2011
IVX339;IVX3391957;HD;01/02/1973;;01/01/1996
IVX113;IVX1131958;HD;01/03/1988;;01/01/1996
IVX255;IVX2551959;RS;01/01/2011;;01/01/2011
IVX55;IVX551960;HD;01/03/1981;;01/01/1996
IVX55;IVX551961;HD;01/01/1981;;01/01/1996
IVX55;IVX551962;HD;01/04/1980;;01/01/1996
IVX261;IVX2611963;OD;06/07/2002;01/01/2005;
IVX261;IVX2611964;OD;06/07/2002;01/01/2005;
IVX261;IVX2611965;OD;06/07/2002;01/01/2005;
IVX61;IVX611966;HD;16/04/2005;16/04/2005;
IVX319;IVX3191967;HD;02/01/1972;;01/01/1996
IVX319;IVX3191968;HD;04/01/1973;;01/01/1996
IVX339;IVX3391969;HD;01/01/1973;;01/01/1996
IVX282;IVX2821970;CV;01/02/1987;12/12/2018;01/01/1996
IVX282;IVX2821971;CV;01/01/1986;12/12/2018;01/01/1996
IVX255;IVX2551972;RS;01/01/2011;;01/01/2011
IVX255;IVX2551973;RS;01/01/2011;;01/01/2011
IVX309;IVX3091974;HD;30/01/2002;;30/01/2002
IVX145;IVX1451975;OD;28/06/2002;01/01/2005;
IVX145;IVX1451976;OD;28/06/2002;01/01/2005;
IVX122;IVX1221977;HD;01/04/1962;;01/01/1996
IVX119;IVX1191978;HD;01/03/1954;;01/01/1996
IVX119;IVX1191979;HD;01/02/1954;;01/01/1996
IVX119;IVX1191980;HD;01/01/1954;;01/01/1996
IVX119;IVX1191981;HD;01/02/1954;;01/01/1996
IVX119;IVX1191982;HD;01/04/1953;;01/01/1996
IVX119;IVX1191983;HD;01/04/1953;;01/01/1996
IVX120;IVX1201984;HD;01/04/1949;;01/01/1996
IVX120;IVX1201985;HD;01/03/1937;;01/01/1996
IVX120;IVX1201986;HD;01/04/1929;;01/01/1996
IVX120;IVX1201987;HD;01/03/1924;;01/01/1996
IVX120;IVX1201988;HD;01/03/1924;;01/01/1996
IVX337;IVX3371989;HD;01/01/1947;;01/01/1996
IVX122;IVX1221990;HD;01/01/1963;;01/01/1996
IVX337;IVX3371991;HD;01/02/1942;;01/01/1996
IVX350;IVX3501992;OL;24/01/2013;;24/01/2013
IVX350;IVX3501993;OL;24/01/2013;;24/01/2013
IVX350;IVX3501994;OL;24/01/2013;;24/01/2013
IVX350;IVX3501995;OL;24/01/2013;;24/01/2013
IVX350;IVX3501996;OL;06/02/2013;;06/02/2013
IVX350;IVX3501997;OL;24/01/2013;;24/01/2013
IVX350;IVX3501998;OL;24/01/2013;;24/01/2013
IVX350;IVX3501999;OL;24/01/2013;;24/01/2013
IVX350;IVX3502000;OL;01/02/2013;;01/02/2013
IVX350;IVX3502001;OL;24/01/2013;;24/01/2013
IVX350;IVX3502002;OL;24/01/2013;;24/01/2013
IVX350;IVX3502003;OL;30/01/2013;;30/01/2013
IVX145;IVX1452004;OD;28/06/2002;01/01/2005;
IVX337;IVX3372005;HD;01/01/1940;;01/01/1996
IVX145;IVX1452006;OD;28/06/2002;01/01/2005;
IVX257;IVX2572007;HD;07/06/2013;;07/06/2013
IVX48;IVX482008;NC;25/02/2006;;25/02/2006
IVX309;IVX3092009;HD;11/07/2001;;11/07/2001
IVX309;IVX3092010;HD;23/01/1999;;23/01/1999
IVX308;IVX3082011;HD;12/09/2002;;12/09/2002
IVX308;IVX3082012;HD;08/10/2002;;08/10/2002
IVX306;IVX3062013;CC;01/03/1954;;11/07/2009
IVX301;IVX3012014;HD;01/04/1975;;01/01/1996
IVX301;IVX3012015;HD;01/03/1975;;01/01/1996
IVX301;IVX3012016;HD;01/02/1975;;01/01/1996
IVX301;IVX3012017;HD;01/03/1973;;01/01/1996
IVX110;IVX1102018;HD;01/02/1969;;01/01/1996
IVX110;IVX1102019;HD;01/02/1969;;01/01/1996
IVX110;IVX1102020;HD;01/02/1969;;01/01/1996
IVX77;IVX772021;HD;01/04/1961;;01/01/1996
IVX256;IVX2562022;NC;07/07/1977;;01/01/1996
IVX77;IVX772023;HD;01/01/1960;;01/01/1996
IVX77;IVX772024;HD;01/02/1956;;01/01/1996
IVX77;IVX772025;HD;01/01/1956;;01/01/1996
IVX77;IVX772026;HD;01/01/1956;;01/01/1996
IVX77;IVX772027;HD;01/01/1956;;01/01/1996
IVX108;IVX1082028;HD;01/04/1938;;01/01/1996
IVX108;IVX1082029;HD;02/01/1948;;01/01/1996
IVX108;IVX1082030;HD;01/03/1938;;01/01/1996
IVX108;IVX1082031;HD;01/02/1947;;01/01/1996
IVX125;IVX1252032;GS;31/12/2004;;31/12/2004
IVX125;IVX1252033;OL;01/03/1967;;01/01/1996
IVX49;IVX492034;HD;01/02/1970;;01/01/1996
IVX49;IVX492035;HD;01/04/1969;;01/01/1996
IVX49;IVX492036;HD;01/01/1970;;01/01/1996
IVX77;IVX772037;HD;01/02/1956;;01/01/1996
IVX145;IVX1452038;OD;28/06/2002;01/01/2005;
IVX145;IVX1452039;OD;28/06/2002;01/01/2005;
IVX350;IVX3502040;OL;24/01/2013;;24/01/2013
IVX340;IVX3402041;HD;28/01/2016;;28/01/2016
IVX145;IVX1452042;OD;28/06/2002;01/01/2005;
IVX145;IVX1452043;OD;28/06/2002;01/01/2005;
IVX145;IVX1452044;OD;28/06/2002;01/01/2005;
IVX144;IVX1442045;HD;05/08/2016;;05/08/2016
IVX144;IVX1442046;HD;07/06/2016;;07/06/2016
IVX144;IVX1442047;HD;05/05/2016;;05/05/2016
IVX211;IVX2112048;HD;20/01/1999;;20/01/1999
IVX211;IVX2112049;HD;19/12/1998;;19/12/1998
IVX211;IVX2112050;HD;15/09/1998;;15/09/1998
IVX224;IVX2242051;HD;04/08/2016;;04/08/2016
IVX224;IVX2242052;HD;04/08/2016;;04/08/2016
IVX224;IVX2242053;HD;04/08/2016;;04/08/2016
IVX340;IVX3402054;HD;25/12/2015;;25/12/2015
IVX224;IVX2242055;HD;30/12/2015;;30/12/2015
IVX145;IVX1452056;OD;28/06/2002;01/01/2005;
IVX145;IVX1452057;OD;28/06/2002;01/01/2005;
IVX145;IVX1452058;OD;28/06/2002;01/01/2005;
IVX145;IVX1452059;OD;28/06/2002;01/01/2005;
IVX145;IVX1452060;OD;28/06/2002;01/01/2005;
IVX145;IVX1452061;OD;28/06/2002;01/01/2005;
IVX145;IVX1452062;OD;28/06/2002;01/01/2005;
IVX145;IVX1452063;OD;28/06/2002;01/01/2005;
IVX145;IVX1452064;OD;28/06/2002;01/01/2005;
IVX145;IVX1452065;OD;28/06/2002;01/01/2005;
IVX145;IVX1452066;OD;28/06/2002;01/01/2005;
IVX145;IVX1452067;OD;28/06/2002;01/01/2005;
IVX220;IVX2202068;HD;09/08/2011;;09/08/2011
IVX224;IVX2242069;HD;07/11/2015;;07/11/2015
IVX350;IVX3502070;OL;02/02/2013;;02/02/2013
IVX116;IVX1162071;HD;30/04/1981;;01/01/1996
IVX318;IVX3182072;HD;30/04/1971;;01/01/1996
IVX350;IVX3502073;OL;24/01/2013;;24/01/2013
IVX350;IVX3502074;OL;24/01/2013;;24/01/2013
IVX350;IVX3502075;OL;24/01/2013;;24/01/2013
IVX243;IVX2432076;OL;31/12/2013;;31/12/2013
IVX243;IVX2432077;OL;31/12/2013;;31/12/2013
IVX243;IVX2432078;OL;05/12/2013;;05/12/2013
IVX243;IVX2432079;OL;05/12/2013;;05/12/2013
IVX109;IVX1092080;CC;27/07/2003;;24/07/2003
IVX109;IVX1092081;GS;08/07/2002;;08/07/2002
IVX215;IVX2152082;HD;01/01/1977;;01/01/1996
IVX215;IVX2152083;HD;01/04/1976;;01/01/1996
IVX215;IVX2152084;HD;01/03/1976;;01/01/1996
IVX215;IVX2152085;HD;01/02/1976;;01/01/1996
IVX116;IVX1162086;HD;28/02/1983;;01/01/1996
IVX215;IVX2152087;HD;01/02/1976;;01/01/1996
IVX215;IVX2152088;HD;01/04/1975;;01/01/1996
IVX215;IVX2152089;HD;01/04/1975;;01/01/1996
IVX117;IVX1172090;HD;01/01/1969;;01/01/1996
IVX117;IVX1172091;HD;01/02/1968;;01/01/1996
IVX117;IVX1172092;HD;01/02/1968;;01/01/1996
IVX117;IVX1172093;HD;01/02/1968;;01/01/1996
IVX117;IVX1172094;HD;01/01/1968;;01/01/1996
IVX117;IVX1172095;HD;01/03/1960;;01/01/1996
IVX117;IVX1172096;HD;01/03/1960;;01/01/1996
IVX117;IVX1172097;HD;01/01/1957;;01/01/1996
IVX117;IVX1172098;HD;01/01/1969;;01/01/1996
IVX117;IVX1172099;HD;01/04/1956;;01/01/1996
IVX55;IVX552100;HD;01/04/1981;;01/01/1996
IVX215;IVX2152101;HD;01/01/1976;;01/01/1996
IVX363;IVX3632102;OL;;04/10/2022;04/10/2022
IVX370;IVX3702103;GS;12/11/2022;;12/11/2022
IVX354;IVX3542104;GS;28/02/2023;;
IVX354;IVX3542105;GS;13/12/2022;;13/12/2022
IVX354;IVX3542106;GS;13/12/2022;;13/12/2022
IVX354;IVX3542107;GS;13/12/2022;;13/12/2022
IVX355;IVX3552108;GS;31/12/2022;;31/12/2022
IVX355;IVX3552109;GS;13/12/2022;;13/12/2022
IVX355;IVX3552110;GS;13/12/2022;;13/12/2022
IVX355;IVX3552111;GS;13/12/2022;;13/12/2022
IVX355;IVX3552112;GS;13/12/2022;;13/12/2022
IVX355;IVX3552113;GS;13/12/2022;;13/12/2022
IVX355;IVX3552114;GS;13/12/2022;;13/12/2022
IVX355;IVX3552115;GS;13/12/2022;;13/12/2022
IVX355;IVX3552116;GS;13/12/2022;;13/12/2022
IVX355;IVX3552117;GS;13/12/2022;;13/12/2022
IVX355;IVX3552118;GS;16/12/2022;;16/12/2022
IVX355;IVX3552119;GS;13/12/2022;;13/12/2022
IVX66;IVX662120;CV;07/12/2022;;07/12/2022
IVX364;IVX3642121;GS;;;
IVX353;IVX3532123;GS;;14/02/2023;
IVX363;IVX3632125;OL;21/12/2022;;
IVX363;IVX3632126;DO;21/12/2022;;
IVX360;IVX3602127;GS;02/12/2023;;02/12/2023
IVX365;IVX3652128;GS;;;
IVX364;IVX3642129;GS;;;
IVX364;IVX3642130;GS;;;
IVX364;IVX3642131;GS;;;
IVX365;IVX3652132;GS;;;
IVX365;IVX3652133;GS;;;
IVX365;IVX3652134;GS;;;
IVX366;IVX3662135;GS;;;
IVX366;IVX3662136;GS;;;
IVX366;IVX3662137;GS;;;
IVX366;IVX3662138;GS;;;
IVX366;IVX3662139;GS;;;
IVX366;IVX3662140;GS;;;
IVX366;IVX3662141;GS;;;
IVX366;IVX3662142;GS;;;
IVX366;IVX3662143;GS;;;
IVX366;IVX3662144;GS;;;
IVX366;IVX3662145;GS;;;
IVX366;IVX3662146;GS;;;
IVX367;IVX3672147;GS;;;
IVX125;IVX1252148;CC;24/02/2023;;24/02/2023
IVX369;IVX3692150;MS;21/06/2023;;
IVX369;IVX3692151;MS;11/04/2024;;
IVX362;IVX3622172;MS;24/11/2022;;
IVX362;IVX3622173;MS;24/11/2022;;
IVX395;IVX3952175;GS;03/05/2023;;03/05/2023
IVX395;IVX3952176;GS;03/05/2023;;03/05/2023
IVX395;IVX3952177;GS;03/05/2023;;03/05/2023
IVX395;IVX3952178;GS;03/05/2023;;03/05/2023
IVX395;IVX3952179;GS;03/05/2023;;03/05/2023
IVX395;IVX3952180;GS;03/05/2023;;03/05/2023
IVX396;IVX3962181;GS;24/05/2023;;24/05/2023
IVX396;IVX3962182;GS;24/05/2023;;24/05/2023
IVX396;IVX3962183;GS;24/05/2023;;24/05/2023
IVX396;IVX3962184;GS;24/05/2023;;24/05/2023
IVX397;IVX3972185;GS;30/05/2023;;
IVX198;IVX1982225;GS;;;
IVX284;IVX2842226;HD;;06/03/2008;
IVX369;IVX3692253;MS;21/06/2023;13/12/2022;
IVX400;IVX4002255;HD;;;
IVX400;IVX4002256;HD;;;
IVX400;IVX4002257;HD;;;
IVX400;IVX4002258;HD;;;
IVX406;IVX4062276;OL;;;
IVX406;IVX4062277;OL;;;
IVX406;IVX4062279;OL;;;
IVX406;IVX4062280;OL;;;
IVX406;IVX4062283;OL;;;
IVX406;IVX4062284;OL;;;
IVX406;IVX4062288;OL;;;
IVX406;IVX4062289;OL;;;
IVX406;IVX4062290;OL;;;
IVX406;IVX4062291;OL;;;
IVX407;IVX4072292;OL;;;
IVX407;IVX4072293;OL;;;
IVX407;IVX4072295;OL;;;
IVX407;IVX4072296;OL;;;
IVX407;IVX4072297;OL;;;
IVX407;IVX4072298;OL;;;
IVX407;IVX4072299;OL;;;
IVX406;IVX4062325;OL;;;
IVX406;IVX4062326;OL;;;
